name,createdBy,lastModifiedBy,enabled
Taro Root,,,true
Wine - Fume Blanc Fetzer,,,false
Sauce - Thousand Island,,,false
Sugar - Brown,,,true
Amarula Cream,,,false
Flour - Rye,,,true
Pastry - French Mini Assorted,,,false
Tea - Honey Green Tea,,,false
"Crab - Back Fin Meat, Canned",,,false
Cookie Dough - Chocolate Chip,,,true
Bulgar,,,true
"Champagne - Brights, Dry",,,true
Mushroom - Crimini,,,false
Sauce - Thousand Island,,,false
Wakami Seaweed,,,false
"Squash - Pattypan, Yellow",,,false
Longos - Cheese Tortellini,,,true
Longos - Assorted Sandwich,,,true
True - Vue Containers,,,true
Pear - Halves,,,false
Spring Roll Wrappers,,,true
"Coke - Classic, 355 Ml",,,true
Muffin Mix - Blueberry,,,true
Bread - Bistro White,,,false
Chicken Giblets,,,true
Pepper - Red Bell,,,false
Anchovy Fillets,,,true
Smoked Paprika,,,false
Dip - Tapenade,,,false
Bread - Pumpernickel,,,false
Fond - Neutral,,,true
Muffin - Banana Nut Individual,,,false
External Supplier,,,true
Cardamon Seed / Pod,,,true
Table Cloth 120 Round White,,,true
Butcher Twine 4r,,,false
Food Colouring - Orange,,,true
Uniform Linen Charge,,,false
Honey - Lavender,,,true
Munchies Honey Sweet Trail Mix,,,false
Wine - Pinot Grigio Collavini,,,false
Wine - Penfolds Koonuga Hill,,,false
Goat - Whole Cut,,,true
Wine - Two Oceans Cabernet,,,false
"Soup - Campbells, Chix Gumbo",,,true
"Juice - Apple, 500 Ml",,,true
"Flour - Bran, Red",,,true
Cheese - Cottage Cheese,,,true
Kellogs Raisan Bran Bars,,,false
Chips - Miss Vickies,,,false
Sobe - Berry Energy,,,false
Chocolate - Semi Sweet,,,false
Venison - Ground,,,true
Spinach - Packaged,,,true
Toothpick Frilled,,,true
Bagel - Sesame Seed Presliced,,,true
Flour - Whole Wheat,,,false
Glycerine,,,false
Versatainer Nc - 9388,,,true
Madeira,,,false
Long Island Ice Tea,,,false
Grouper - Fresh,,,false
"Veal - Brisket, Provimi, Bone - In",,,false
Wine - Beaujolais Villages,,,false
"Mushroom - Trumpet, Dry",,,true
Oil - Sesame,,,true
"Quail - Whole, Bone - In",,,true
"Pork - Tenderloin, Fresh",,,true
Lettuce - Curly Endive,,,true
Bread - Crusty Italian Poly,,,true
"Juice - Cranberry, 341 Ml",,,false
Squid Ink,,,true
Potatoes - Mini White 3 Oz,,,false
Yogurt - French Vanilla,,,false
Chocolate - Sugar Free Semi Choc,,,true
Coffee - Egg Nog Capuccino,,,false
Onion Powder,,,true
Ice Cream - Fudge Bars,,,false
Pastry - Carrot Muffin - Mini,,,true
Vinegar - Balsamic,,,false
Bread Sour Rolls,,,false
"Nut - Chestnuts, Whole",,,true
"Beans - Black Bean, Dry",,,true
Flour - Masa De Harina Mexican,,,false
"Fish - Soup Base, Bouillon",,,true
Soap - Mr.clean Floor Soap,,,false
Carrots - Mini Red Organic,,,true
Napkin White - Starched,,,true
Table Cloth 53x69 White,,,false
Cheese - Comtomme,,,false
Chocolate - Chips Compound,,,false
"Napkin - Dinner, White",,,true
Breadfruit,,,true
"Cherries - Bing, Canned",,,false
"Pasta - Shells, Medium, Dry",,,false
Cape Capensis - Fillet,,,true
Nut - Pumpkin Seeds,,,false
Soup Campbells,,,false
Bar - Sweet And Salty Chocolate,,,true
Garam Marsala,,,false
Shrimp - 31/40,,,true
Broom - Angled,,,false
"Rum - Light, Captain Morgan",,,false
Tuna - Sushi Grade,,,true
Dehydrated Kelp Kombo,,,false
Bread - English Muffin,,,true
Mangoes,,,false
Galliano,,,false
"Turkey - Whole, Fresh",,,true
"Noodles - Cellophane, Thin",,,true
Potatoes - Peeled,,,false
Plums - Red,,,true
Lemon Pepper,,,true
Wine - Vovray Sec Domaine Huet,,,false
Gelatine Powder,,,false
Straws - Cocktale,,,true
"Ranchero - Primerba, Paste",,,true
Snails - Large Canned,,,true
Wine - Soave Folonari,,,false
"Rum - Coconut, Malibu",,,false
Pork - European Side Bacon,,,false
Cake - Night And Day Choclate,,,false
"Schnappes - Peach, Walkers",,,true
Yoplait - Strawbrasp Peac,,,true
Pumpkin - Seed,,,false
Pastry - Plain Baked Croissant,,,true
Sour Puss - Tangerine,,,false
Venison - Ground,,,true
Sea Bass - Whole,,,false
Sugar - Fine,,,false
Beans - Fine,,,true
Guinea Fowl,,,true
Puree - Guava,,,true
"Brocolinni - Gaylan, Chinese",,,true
Five Alive Citrus,,,true
Cheese - Mozzarella,,,true
Tofu - Firm,,,true
Table Cloth 81x81 White,,,true
"Artichokes - Knobless, White",,,false
"7up Diet, 355 Ml",,,true
"Stock - Beef, Brown",,,false
Sobe - Tropical Energy,,,true
Bread - Frozen Basket Variety,,,true
Huck Towels White,,,true
"Cheese - Romano, Grated",,,false
Tomatoes,,,false
"Soup - Knorr, Veg / Beef",,,false
Pate - Peppercorn,,,true
Beef Ground Medium,,,true
Pate - Peppercorn,,,false
Beer - Sleemans Honey Brown,,,true
Cheese - Fontina,,,true
Arizona - Green Tea,,,true
"Wine - White, Colubia Cresh",,,false
Wine - Vovray Sec Domaine Huet,,,false
"Fish - Soup Base, Bouillon",,,false
Fib N9 - Prague Powder,,,true
Flour - All Purpose,,,false
Swiss Chard,,,true
Tomatoes - Yellow Hot House,,,true
Pepper - Green Thai,,,false
Beef - Top Butt,,,true
Peach - Fresh,,,false
Pasta - Canelloni,,,true
Chef Hat 25cm,,,false
"Juice - Apple, 341 Ml",,,true
Shrimp - 31/40,,,true
Rice Wine - Aji Mirin,,,true
Wine - Two Oceans Cabernet,,,false
Orange Roughy 6/8 Oz,,,false
Nantucket - 518ml,,,true
Nantucket Apple Juice,,,true
Soup - Base Broth Beef,,,true
Chivas Regal - 12 Year Old,,,false
Pie Shell - 9,,,true
"Oil - Truffle, Black",,,false
Beans - French,,,true
"Wine - Red, Colio Cabernet",,,false
Soup Campbells Turkey Veg.,,,false
Soup - Campbells Bean Medley,,,true
Strawberries,,,false
"Water, Tap",,,true
Wine - Montecillo Rioja Crianza,,,false
Tumeric,,,true
Wine - Charddonnay Errazuriz,,,false
Appetizer - Escargot Puff,,,true
Flower - Leather Leaf Fern,,,false
Wine - Chateau Timberlay,,,true
Pizza Pizza Dough,,,true
"Bread - Sticks, Thin, Plain",,,true
Lid Tray - 16in Dome,,,true
Gatorade - Cool Blue Raspberry,,,true
"Pork - Bacon, Sliced",,,true
Vaccum Bag 10x13,,,true
Tuna - Bluefin,,,false
Yams,,,true
"Fish - Base, Bouillion",,,false
"Coconut - Shredded, Sweet",,,true
Taro Root,,,false
Steamers White,,,true
"Pepper - Black, Whole",,,true
Sauce - Demi Glace,,,false
"Pasta - Rotini, Colour, Dry",,,false
Oil - Olive Bertolli,,,false
Sauce - Demi Glace,,,true
Quinoa,,,true
Shichimi Togarashi Peppeers,,,false
Straws - Cocktale,,,true
Pastry - Trippleberry Muffin - Mini,,,false
Carbonated Water - White Grape,,,true
Guava,,,true
Coffee - Cafe Moreno,,,true
Sage - Rubbed,,,true
Wine - Gewurztraminer Pierre,,,true
Yeast Dry - Fermipan,,,false
Soup - Campbells Mushroom,,,true
Glaze - Apricot,,,false
Sauce - Oyster,,,true
Longos - Chicken Cordon Bleu,,,false
"Mushroom - Trumpet, Dry",,,false
Trueblue - Blueberry,,,false
"Clams - Littleneck, Whole",,,false
Coffee Caramel Biscotti,,,true
Cheese - Mascarpone,,,true
Steampan - Lid For Half Size,,,true
Lychee - Canned,,,false
"Oranges - Navel, 72",,,false
"Wine - Niagara,vqa Reisling",,,false
"Pork - Tenderloin, Fresh",,,false
"Cake Circle, Foil, Scallop",,,true
Pepper - Cubanelle,,,false
Sausage - Breakfast,,,true
Gatorade - Cool Blue Raspberry,,,true
Bread Base - Italian,,,false
"Vermouth - White, Cinzano",,,true
Scrubbie - Scotchbrite Hand Pad,,,true
Celery,,,false
"Beans - Kidney, Red Dry",,,false
Bagels Poppyseed,,,false
Dish Towel,,,false
Creme De Cacao White,,,false
Bagelers,,,true
"Juice - Apple, 500 Ml",,,false
Pepper - Red Thai,,,false
Cilantro / Coriander - Fresh,,,false
Oil - Sesame,,,false
Pie Shells 10,,,false
Pork - Ground,,,false
Wine - Casillero Deldiablo,,,true
Cheese - Valancey,,,true
Water - Aquafina Vitamin,,,true
Sprouts - Peppercress,,,true
Bagelers - Cinn / Brown Sugar,,,true
Wine - Sawmill Creek Autumn,,,false
Plate Pie Foil,,,true
Onions - Red,,,false
Extract Vanilla Pure,,,false
Cup - Paper 10oz 92959,,,true
"Tomatoes - Diced, Canned",,,false
Cookies - Fortune,,,true
Sugar - White Packet,,,false
Wine - Puligny Montrachet A.,,,false
Vinegar - White,,,false
"Crab - Claws, Snow 16 - 24",,,true
Tart - Butter Plain Squares,,,true
Buttons,,,true
Mace Ground,,,false
Cookie Dough - Oatmeal Rasin,,,false
Dish Towel,,,true
Cakes Assorted,,,true
Lettuce - Iceberg,,,false
Food Colouring - Pink,,,false
Soup - Campbells,,,true
Pate - Peppercorn,,,false
"Lettuce - Mini Greens, Whole",,,false
Onion - Dried,,,true
Wine - Sawmill Creek Autumn,,,true
Myers Planters Punch,,,true
Appetizer - Chicken Satay,,,true
Oil - Margarine,,,true
Asparagus - Frozen,,,true
"Napkin - Beverge, White 2 - Ply",,,false
Lid - 0090 Clear,,,false
Papadam,,,false
Flour - Cake,,,false
Longos - Greek Salad,,,true
"Crab - Back Fin Meat, Canned",,,true
Wine - Acient Coast Caberne,,,true
Island Oasis - Banana Daiquiri,,,true
Milk - Chocolate 250 Ml,,,false
Plasticforkblack,,,true
Mcguinness - Blue Curacao,,,false
Beef - Sushi Flat Iron Steak,,,true
Dc Hikiage Hira Huba,,,true
"Tomatoes - Vine Ripe, Yellow",,,true
Longos - Grilled Chicken With,,,false
Apple - Macintosh,,,false
Rye Special Old,,,false
Oranges,,,true
Juice - Lemon,,,true
Propel Sport Drink,,,false
Sugar - Monocystal / Rock,,,false
Bacardi Breezer - Tropical,,,false
"Sauce - Apple, Unsweetened",,,true
"Pasta - Gnocchi, Potato",,,false
Nantucket - Carrot Orange,,,false
Soup - Chicken And Wild Rice,,,false
Sour Cream,,,true
"Cheese - Mozzarella, Buffalo",,,true
"Soup - Knorr, Ministrone",,,true
Appetizer - Lobster Phyllo Roll,,,false
Soup - Campbells Beef Noodle,,,true
Wine - Remy Pannier Rose,,,true
Smoked Tongue,,,false
Cake - Cheese Cake 9 Inch,,,false
Numi - Assorted Teas,,,true
Glaze - Apricot,,,false
Cake Slab,,,true
Scallops - 20/30,,,true
Versatainer Nc - 9388,,,false
"Pork - Loin, Boneless",,,false
"Carrots - Purple, Organic",,,true
Lamb - Bones,,,false
Mushrooms - Honey,,,true
"Wine - Red, Marechal Foch",,,true
Latex Rubber Gloves Size 9,,,false
Mushroom - Crimini,,,true
Cheese - La Sauvagine,,,true
Potatoes - Mini Red,,,true
Alize Gold Passion,,,false
Wine - Merlot Vina Carmen,,,false
Tea - Herbal Sweet Dreams,,,true
Lumpfish Black,,,true
Mix Pina Colada,,,false
Pomegranates,,,false
Sugar - Fine,,,false
Bread Fig And Almond,,,true
Cookie Chocolate Chip With,,,false
Daikon Radish,,,true
Cranberry Foccacia,,,true
Curry Powder,,,false
Nestea - Iced Tea,,,true
Spice - Peppercorn Melange,,,false
Red Pepper Paste,,,true
"Cheese - Havarti, Salsa",,,false
"Wine - Red, Concha Y Toro",,,false
"Iced Tea - Lemon, 340ml",,,true
Chivas Regal - 12 Year Old,,,true
Ecolab - Power Fusion,,,false
Fruit Salad Deluxe,,,true
"Rum - Light, Captain Morgan",,,false
Pork - Backs - Boneless,,,true
Corn Meal,,,true
Cheese - Brie Roitelet,,,false
Pastry - Banana Muffin - Mini,,,true
"Wine - White, Concha Y Toro",,,true
Venison - Racks Frenched,,,false
"Cup - 3.5oz, Foam",,,true
"Beans - Turtle, Black, Dry",,,false
Vegetable - Base,,,false
"Bread - Roll, Whole Wheat",,,true
Mangostein,,,true
Soup - Campbells - Tomato,,,true
"Soup - Campbells, Cream Of",,,false
Cheese - Le Cru Du Clocher,,,false
Pork Ham Prager,,,false
Coffee Swiss Choc Almond,,,false
Beets,,,true
Veal - Kidney,,,true
Island Oasis - Ice Cream Mix,,,true
"Pasta - Bauletti, Chicken White",,,false
Soup - Campbells Chili,,,true
Wine - Remy Pannier Rose,,,true
Sproutsmustard Cress,,,false
Mint - Fresh,,,false
Lamb - Shanks,,,false
Wild Boar - Tenderloin,,,true
"Yogurt - Strawberry, 175 Gr",,,true
Pepper - Green,,,true
Mustard - Dijon,,,false
Sugar - Palm,,,true
Beer - Corona,,,false
Asparagus - Mexican,,,true
Plastic Arrow Stir Stick,,,false
Dc Hikiage Hira Huba,,,false
Sugar - Individual Portions,,,false
Pastry - Cheese Baked Scones,,,false
Carrots - Jumbo,,,true
"Extract - Vanilla,artificial",,,true
Table Cloth 53x53 White,,,true
"Wine - Red, Black Opal Shiraz",,,false
Tofu - Soft,,,false
Table Cloth 90x90 Colour,,,true
Edible Flower - Mixed,,,false
Shrimp - Black Tiger 26/30,,,true
Lid - 0090 Clear,,,false
Snapple - Iced Tea Peach,,,false
Beef Dry Aged Tenderloin Aaa,,,false
Radish,,,true
Truffle Cups - Red,,,false
Slt - Individual Portions,,,true
Cheese - Parmesan Cubes,,,false
Piping - Bags Quizna,,,false
Coffee Decaf Colombian,,,true
Teriyaki Sauce,,,false
Oil - Olive Bertolli,,,true
External Supplier,,,true
Ecolab - Hobart Upr Prewash Arm,,,false
Appetizer - Shrimp Puff,,,false
"Wine - White, Concha Y Toro",,,true
Emulsifier,,,false
Longos - Lasagna Beef,,,false
Pork - Hock And Feet Attached,,,false
Bread - Sour Batard,,,true
Red Cod Fillets - 225g,,,false
Pie Filling - Pumpkin,,,false
Sugar - Cubes,,,false
Jameson Irish Whiskey,,,true
Beef - Flank Steak,,,false
Sobe - Cranberry Grapefruit,,,false
Tuna - Salad Premix,,,false
"Pasta - Penne Primavera, Single",,,true
Transfer Sheets,,,true
Soup - Verve - Chipotle Chicken,,,true
Crackers - Melba Toast,,,true
Table Cloth 90x90 Colour,,,false
Pineapple - Golden,,,true
Sole - Fillet,,,false
"Wine - Red, Gallo, Merlot",,,true
Ice Cream - Strawberry,,,false
Table Cloth 81x81 Colour,,,false
Wine - Gewurztraminer Pierre,,,true
Cheese - Valancey,,,false
Pepper - Yellow Bell,,,false
Longos - Grilled Chicken With,,,true
Alize Gold Passion,,,false
"Soda Water - Club Soda, 355 Ml",,,false
Longos - Grilled Chicken With,,,false
"Lentils - Green, Dry",,,true
"Veal - Insides, Grains",,,false
"Pasta - Tortellini, Fresh",,,true
Pork - Liver,,,false
Bread - Hot Dog Buns,,,false
Coffee - French Vanilla Frothy,,,false
Pastry - Banana Tea Loaf,,,false
"Loaf Pan - 2 Lb, Foil",,,false
Bay Leaf,,,false
Beans - Green,,,true
"Stock - Beef, Brown",,,true
Pineapple - Regular,,,false
Mix Pina Colada,,,true
Yokaline,,,true
Paper Cocktail Umberlla 80 - 180,,,true
"Chocolate - Pistoles, White",,,true
"Sole - Dover, Whole, Fresh",,,true
Mahi Mahi,,,false
Pineapple - Golden,,,true
Beer - Molson Excel,,,true
"Veal - Tenderloin, Untrimmed",,,true
"Salt - Rock, Course",,,false
Dikon,,,false
Pear - Halves,,,false
Puree - Raspberry,,,true
Tea - Jasmin Green,,,true
Asparagus - Frozen,,,true
"Juice - Pineapple, 341 Ml",,,false
Carbonated Water - Peach,,,false
"Lamb - Whole Head Off,nz",,,false
Water - Evian 355 Ml,,,false
Tandoori Curry Paste,,,true
Ginsing - Fresh,,,false
Veal - Striploin,,,true
"Soup - Canadian Pea, Dry Mix",,,false
"Syrup - Golden, Lyles",,,false
Wine - Savigny - Les - Beaune,,,true
Turkey - Ground. Lean,,,false
Bonito Flakes - Toku Katsuo,,,true
Alize Red Passion,,,false
Cheese - Provolone,,,false
"Wine - White, Cooking",,,true
Sausage - Meat,,,true
"Pork - Tenderloin, Fresh",,,true
True - Vue Containers,,,true
Cheese - Wine,,,false
"Cheese - Cheddar, Old White",,,false
Oil - Grapeseed Oil,,,false
Waffle Stix,,,true
Pepper - Red Chili,,,false
Wine - Peller Estates Late,,,false
"Tomatoes - Diced, Canned",,,true
Ham Black Forest,,,true
Pineapple - Regular,,,true
Table Cloth 144x90 White,,,false
"Veal - Brisket, Provimi, Bone - In",,,false
Soup Campbells Mexicali Tortilla,,,false
Milk - Chocolate 500ml,,,true
Bandage - Fexible 1x3,,,false
Wooden Mop Handle,,,false
Mayonnaise - Individual Pkg,,,true
Rootbeer,,,false
Sterno - Chafing Dish Fuel,,,true
Beer - True North Lager,,,true
Bagel - Whole White Sesame,,,true
"Peas - Pigeon, Dry",,,true
Salt - Seasoned,,,false
Lobster - Tail 6 Oz,,,false
"Pork - Bacon,back Peameal",,,false
Dasheen,,,true
"Wine - White, Cooking",,,true
"Wine - Red, Colio Cabernet",,,false
Chicken - Ground,,,false
Otomegusa Dashi Konbu,,,true
Chef Hat 25cm,,,true
Bandage - Finger Cots,,,true
Food Colouring - Orange,,,true
Foam Espresso Cup Plain White,,,true
"Bar Mix - Pina Colada, 355 Ml",,,false
"Pork - Bacon, Sliced",,,true
Mayonnaise - Individual Pkg,,,true
Butcher Twine 4r,,,true
Clams - Canned,,,true
"Ice - Clear, 300 Lb For Carving",,,false
Beans - Fine,,,false
"Pepper - Black, Crushed",,,false
Iced Tea Concentrate,,,true
Foam Cup 6 Oz,,,true
Wine - Rubyport,,,true
Petit Baguette,,,false
Lemon Tarts,,,true
"Rum - Light, Captain Morgan",,,false
Island Oasis - Lemonade,,,false
Appetizer - Crab And Brie,,,true
Veal - Sweetbread,,,false
Wine - Crozes Hermitage E.,,,true
Oven Mitts - 15 Inch,,,false
"Basil - Dry, Rubbed",,,true
"Tart Shells - Savory, 3",,,false
Basil - Seedlings Cookstown,,,false
"Melon - Watermelon, Seedless",,,true
"Beef - Tongue, Fresh",,,false
Tomato - Peeled Italian Canned,,,true
"Soup - French Onion, Dry",,,true
Dasheen,,,false
Snapple - Iced Tea Peach,,,true
Duck - Whole,,,false
"Wine - White, Pinot Grigio",,,false
Otomegusa Dashi Konbu,,,false
"Schnappes - Peach, Walkers",,,false
Orange - Tangerine,,,true
Black Currants,,,false
Soup - Campbells Chicken,,,true
"Red Snapper - Fillet, Skin On",,,true
"Gingerale - Schweppes, 355 Ml",,,true
Coffee - 10oz Cup 92961,,,true
Trueblue - Blueberry,,,false
Cheese - Brick With Pepper,,,false
Ham - Cooked Italian,,,false
Ginsing - Fresh,,,true
"Quail - Eggs, Fresh",,,true
Creme De Menthe Green,,,false
Salad Dressing,,,true
Cucumber - Pickling Ontario,,,false
"Lamb - Leg, Bone In",,,false
Veal Inside - Provimi,,,true
"Pasta - Cannelloni, Sheets, Fresh",,,true
Shrimp - Tiger 21/25,,,true
Mushroom - Porcini Frozen,,,true
Yogurt - Assorted Pack,,,false
Garam Masala Powder,,,true
"Lamb - Whole, Frozen",,,false
Blueberries - Frozen,,,false
Ocean Spray - Ruby Red,,,true
Beef - Montreal Smoked Brisket,,,false
Tomatoes - Cherry,,,true
Carbonated Water - Blackberry,,,false
Glass - Juice Clear 5oz 55005,,,true
Dawn Professionl Pot And Pan,,,false
"Split Peas - Green, Dry",,,false
Bread - Raisin,,,true
"Tart Shells - Savory, 3",,,true
Cake - Cheese Cake 9 Inch,,,true
Carbonated Water - Orange,,,true
"Bar Mix - Pina Colada, 355 Ml",,,false
Wine - Savigny - Les - Beaune,,,true
"Soup - French Onion, Dry",,,true
Yogurt - Plain,,,true
Chick Peas - Canned,,,false
"Oil - Food, Lacquer Spray",,,true
"Coconut - Shredded, Sweet",,,true
Tea - Herbal Orange Spice,,,true
Appetizer - Shrimp Puff,,,true
Ecolab Crystal Fusion,,,true
Vinegar - Champagne,,,false
"Lamb - Leg, Bone In",,,true
"Pepper - Paprika, Spanish",,,false
"Oil - Truffle, Black",,,false
Broom - Push,,,true
"Nut - Almond, Blanched, Sliced",,,false
Bread - Hamburger Buns,,,true
Apricots Fresh,,,true
Cheese - Augre Des Champs,,,true
Olives - Stuffed,,,false
"Sauce - Black Current, Dry Mix",,,false
Pears - Fiorelle,,,true
Chambord Royal,,,false
"Chicken - Thigh, Bone In",,,false
Bread - Kimel Stick Poly,,,true
Tray - 16in Rnd Blk,,,false
Bread - Wheat Baguette,,,false
Garlic Powder,,,true
Mousse - Banana Chocolate,,,true
Wine - Jaboulet Cotes Du Rhone,,,true
Wine - Kwv Chenin Blanc South,,,true
"Cheese - Cheddar, Medium",,,true
Flavouring - Rum,,,true
Sandwich Wrap,,,true
"Tart Shells - Sweet, 3",,,true
"Rum - Dark, Bacardi, Black",,,false
Sprite - 355 Ml,,,true
Grenadillo,,,false
Cheese - Mozzarella,,,true
Chinese Lemon Pork,,,true
Pizza Pizza Dough,,,false
Fish - Bones,,,false
Bagel - Plain,,,true
Hagen Daza - Dk Choocolate,,,false
Shopper Bag - S - 4,,,false
Yams,,,false
Plate Foam Laminated 9in Blk,,,false
"Salmon - Whole, 4 - 6 Pounds",,,false
Kellogs Raisan Bran Bars,,,true
"Soup - Knorr, Ministrone",,,true
Sugar - Individual Portions,,,true
Rosemary - Dry,,,false
White Fish - Filets,,,true
Tea - Orange Pekoe,,,false
"Juice - Grape, White",,,false
Coffee Caramel Biscotti,,,false
Wine - Peller Estates Late,,,false
V8 Splash Strawberry Banana,,,true
Truffle Cups - White Paper,,,true
"Sauce - Soya, Light",,,true
Wasabi Paste,,,true
Island Oasis - Pina Colada,,,true
Sprite - 355 Ml,,,false
Cookie Dough - Double,,,true
Blue Curacao - Marie Brizard,,,false
Lotus Root,,,false
Capers - Ox Eye Daisy,,,true
Filo Dough,,,false
Veal - Provimi Inside,,,true
Apples - Spartan,,,false
Cabbage - Green,,,true
Beef Striploin Aaa,,,true
Momiji Oroshi Chili Sauce,,,false
"Chocolate - Pistoles, White",,,false
Wine - Vovray Sec Domaine Huet,,,true
"Veal - Inside Round / Top, Lean",,,true
Chocolate - Dark Callets,,,true
Piping Jelly - All Colours,,,true
Soup Knorr Chili With Beans,,,false
"Wine - White, Pelee Island",,,true
Dates,,,true
Cake Sheet Combo Party Pack,,,false
Bay Leaf Fresh,,,false
Muffin Hinge - 211n,,,false
Wine - Vineland Estate Semi - Dry,,,false
Kumquat,,,true
Nut - Macadamia,,,false
Onions - Pearl,,,false
Pineapple - Regular,,,true
Beef - Eye Of Round,,,false
Kumquat,,,false
Celery,,,true
Wine - Riesling Alsace Ac 2001,,,false
Lemon Pepper,,,false
Artichoke - Fresh,,,false
Ham - Cooked Italian,,,false
Tuna - Loin,,,false
Wine - Coteaux Du Tricastin Ac,,,false
Tray - 12in Rnd Blk,,,false
"Chicken - Breast, 5 - 7 Oz",,,false
Sambuca - Ramazzotti,,,true
Mussels - Frozen,,,true
Pasta - Orecchiette,,,true
Broom - Corn,,,true
Food Colouring - Blue,,,true
Cheese - Cambozola,,,false
Chinese Foods - Cantonese,,,false
Cookie Dough - Oatmeal Rasin,,,true
Scallops - U - 10,,,false
"Shrimp - Baby, Cold Water",,,true
Buffalo - Short Rib Fresh,,,false
Beef - Tenderloin - Aa,,,true
Potatoes - Mini White 3 Oz,,,true
"Syrup - Monin, Swiss Choclate",,,true
Sauce - Caesar Dressing,,,true
Cheese - Sheep Milk,,,false
Jello - Assorted,,,false
Bread - English Muffin,,,true
External Supplier,,,true
Bread - Olive,,,true
Irish Cream - Baileys,,,true
Tart - Butter Plain Squares,,,false
Bread - Calabrese Baguette,,,false
Flour - Whole Wheat,,,true
Nantucket - 518ml,,,true
Sausage - Breakfast,,,true
"Syrup - Monin, Irish Cream",,,true
Peach - Fresh,,,false
Cookie - Dough Variety,,,true
Soup - French Onion,,,false
Zucchini - Green,,,false
Beans - Fine,,,false
Capers - Ox Eye Daisy,,,false
Muffin Batt - Ban Dream Zero,,,true
Dehydrated Kelp Kombo,,,false
"Pasta - Penne, Lisce, Dry",,,true
Beef Ground Medium,,,false
The Pop Shoppe - Root Beer,,,true
"Lemonade - Mandarin, 591 Ml",,,false
"Beef - Baby, Liver",,,true
"Bread - Rolls, Corn",,,true
Tea - Decaf 1 Cup,,,true
Potatoes - Mini Red,,,true
Steam Pan Full Lid,,,false
Onion Powder,,,false
Shortbread - Cookie Crumbs,,,false
Heavy Duty Dust Pan,,,false
Island Oasis - Cappucino Mix,,,false
Oil - Peanut,,,true
Wine - Zonnebloem Pinotage,,,true
Bagelers - Cinn / Brown Sugar,,,false
"Cheese - Woolwich Goat, Log",,,false
Chips - Assorted,,,true
Tomatillo,,,false
Cheese - St. Paulin,,,true
"Shrimp - Baby, Warm Water",,,false
Cheese - Grana Padano,,,false
Beer - Sleemans Cream Ale,,,true
Chinese Foods - Chicken,,,true
Pork - Side Ribs,,,false
Mackerel Whole Fresh,,,true
Pepper - Roasted Red,,,false
Bread Ww Cluster,,,true
Spinach - Spinach Leaf,,,true
Wine - Maipo Valle Cabernet,,,true
Parsley - Fresh,,,true
Wine - Acient Coast Caberne,,,false
"Beef - Ox Tongue, Pickled",,,false
Cheese - Feta,,,true
Container - Hngd Cll Blk 7x7x3,,,true
Bandage - Flexible Neon,,,true
"Lettuce - Romaine, Heart",,,false
Salt - Celery,,,true
Bread - Raisin Walnut Pull,,,false
Wine - Marlbourough Sauv Blanc,,,false
"Pepper - Green, Chili",,,false
Oil - Coconut,,,false
"Stock - Veal, Brown",,,false
"Tortillas - Flour, 12",,,true
"Halibut - Whole, Fresh",,,false
Steam Pan Full Lid,,,true
Potatoes - Peeled,,,false
Wine - Tio Pepe Sherry Fino,,,true
Veal - Insides Provini,,,false
Lettuce - Curly Endive,,,true
"Quail - Whole, Boneless",,,false
Bagel - Whole White Sesame,,,false
Veal - Kidney,,,false
"Oil - Truffle, Black",,,false
Skirt - 24 Foot,,,true
Madeira,,,false
Bay Leaf Fresh,,,false
Wine - Fat Bastard Merlot,,,false
Pepper - Scotch Bonnet,,,false
Table Cloth 54x54 Colour,,,false
"Cheese - Cheddar, Mild",,,true
"Juice - Apple, 1.36l",,,false
"Wine - Cahors Ac 2000, Clos",,,false
Calypso - Lemonade,,,true
Wine - Redchard Merritt,,,false
Wine - Alsace Gewurztraminer,,,true
Coffee Cup 8oz 5338cd,,,false
"Veal - Leg, Provimi - 50 Lb Max",,,false
"Beef - Kindney, Whole",,,true
Mustard - Pommery,,,true
Chevril,,,true
Beef - Eye Of Round,,,false
Vodka - Smirnoff,,,false
"Tray - Foam, Square 4 - S",,,false
Wine - Lou Black Shiraz,,,false
"Juice - Grapefruit, 341 Ml",,,true
Tomatoes - Yellow Hot House,,,false
Pork - European Side Bacon,,,false
"Wine - White, Chardonnay",,,true
Lemon Pepper,,,true
Rice - Basmati,,,true
Duck - Whole,,,true
Fuji Apples,,,false
Banana,,,true
"Wine - Magnotta - Red, Baco",,,false
"Garlic - Primerba, Paste",,,true
Pear - Packum,,,true
Arrowroot,,,false
"Fish - Halibut, Cold Smoked",,,true
Orange Roughy 6/8 Oz,,,true
Cake - French Pear Tart,,,false
Crab - Meat,,,true
Bread Crumbs - Japanese Style,,,false
Beer - Camerons Auburn,,,false
Beer - Mill St Organic,,,true
"Beans - Fava, Canned",,,false
"Wine - Red, Lurton Merlot De",,,false
Tomato - Plum With Basil,,,false
"Nut - Hazelnut, Whole",,,false
Turnip - Wax,,,false
Lotus Rootlets - Canned,,,false
Tahini Paste,,,true
Turkey - Oven Roast Breast,,,false
Cheese - Wine,,,true
Browning Caramel Glace,,,false
Chicken - Base,,,false
Cake - Cake Sheet Macaroon,,,true
Syrup - Pancake,,,true
"Chestnuts - Whole,canned",,,false
Muffin Mix - Blueberry,,,false
"Water - Spring Water, 355 Ml",,,true
Wine - Barbera Alba Doc 2001,,,false
"Flour - Bran, Red",,,false
Bagelers - Cinn / Brown Sugar,,,true
"Pasta - Cappellini, Dry",,,false
Pork - Sausage Casing,,,true
"Vermacelli - Sprinkles, Assorted",,,false
Toothpick Frilled,,,false
Soup - Tomato Mush. Florentine,,,true
Danishes - Mini Raspberry,,,true
Sour Puss - Tangerine,,,false
Cornflakes,,,true
"Chicken - Leg, Fresh",,,false
Mikes Hard Lemonade,,,true
Rice - Wild,,,false
Oil - Olive,,,false
Okra,,,true
Mcguinness - Blue Curacao,,,true
"Pork - Loin, Boneless",,,false
Butter Balls Salted,,,true
Garlic - Peeled,,,true
Coconut Milk - Unsweetened,,,true
Kumquat,,,true
Burger Veggie,,,true
Beer - Camerons Cream Ale,,,true
Country Roll,,,false
Bread - Kimel Stick Poly,,,true
Pepper - Chilli Seeds Mild,,,true
Myers Planters Punch,,,false
Corn Shoots,,,true
Bread - English Muffin,,,true
Beef - Short Ribs,,,true
Cakes Assorted,,,false
"Lemonade - Strawberry, 591 Ml",,,true
Chicken - White Meat With Tender,,,true
"Squash - Pattypan, Yellow",,,false
Straw - Regular,,,true
Sprouts - Pea,,,false
"Rum - Dark, Bacardi, Black",,,true
Wine - Prem Select Charddonany,,,true
"Sugar - Brown, Individual",,,false
Oats Large Flake,,,true
Tea - Lemon Scented,,,true
Venison - Striploin,,,false
Couscous,,,false
Muffin Mix - Lemon Cranberry,,,true
"Pork - Bacon, Sliced",,,true
"Pasta - Linguini, Dry",,,true
"Veal - Round, Eye Of",,,true
Initation Crab Meat,,,true
"Sauce - Bernaise, Mix",,,true
Cookie Dough - Chunky,,,false
Saskatoon Berries - Frozen,,,false
Beer - Upper Canada Light,,,true
Artichokes - Jerusalem,,,false
"Juice - Cranberry, 341 Ml",,,true
Sandwich Wrap,,,true
Pasta - Fusili Tri - Coloured,,,false
Nestea - Iced Tea,,,false
Coriander - Seed,,,false
"Chestnuts - Whole,canned",,,true
Pancetta,,,false
"Olives - Green, Pitted",,,true
Cheese - Gouda Smoked,,,true
Croissants Thaw And Serve,,,true
Beer - Original Organic Lager,,,true
Scallops - U - 10,,,true
Appetizer - Smoked Salmon / Dill,,,true
Syrup - Monin - Passion Fruit,,,true
Salt - Table,,,false
Wine - Cotes Du Rhone,,,true
Persimmons,,,true
Tart - Pecan Butter Squares,,,false
Glucose,,,false
Poppy Seed,,,false
Skewers - Bamboo,,,false
Pop - Club Soda Can,,,true
Flour - All Purpose,,,true
Cup - Translucent 7 Oz Clear,,,false
Rice - Wild,,,true
Fruit Salad Deluxe,,,true
Pastry - Lemon Danish - Mini,,,false
"Pail - 4l White, With Handle",,,true
"Sauce - Apple, Unsweetened",,,true
Bread - Onion Focaccia,,,false
Butter - Pod,,,false
Persimmons,,,false
Pastry - Mini French Pastries,,,false
"Juice - Pineapple, 341 Ml",,,false
Mangostein,,,true
Wine - Stoneliegh Sauvignon,,,false
Juice - Orangina,,,true
Higashimaru Usukuchi Soy,,,false
"Napkin - Beverge, White 2 - Ply",,,false
Sausage - Meat,,,false
Veal - Knuckle,,,false
Barramundi,,,false
Sea Bass - Whole,,,true
"Asparagus - White, Fresh",,,true
"Cheese - Manchego, Spanish",,,false
Arrowroot,,,true
Slt - Individual Portions,,,true
Apron,,,true
Yams,,,false
Bamboo Shoots - Sliced,,,true
Dip - Tapenade,,,false
Cocoa Feuilletine,,,true
"Wine - Sherry Dry Sack, William",,,false
Sprouts - Peppercress,,,true
Wine - Tribal Sauvignon,,,true
Everfresh Products,,,false
Nut - Macadamia,,,true
Wine - Mondavi Coastal Private,,,true
Sponge Cake Mix - Chocolate,,,true
Lid - 3oz Med Rec,,,false
Propel Sport Drink,,,true
"Pasta - Cannelloni, Sheets, Fresh",,,true
"Pasta - Lasagna, Dry",,,false
Lobak,,,false
Rabbit - Legs,,,true
Creamers - 10%,,,false
"Veal - Brisket, Provimi, Bone - In",,,true
Eggplant Italian,,,true
Truffle Cups - White Paper,,,true
"Basil - Dry, Rubbed",,,true
Danishes - Mini Raspberry,,,false
Leeks - Large,,,false
"Pasta - Lasagne, Fresh",,,true
"Pepper - Black, Crushed",,,true
Ocean Spray - Kiwi Strawberry,,,false
"Pork - Tenderloin, Fresh",,,true
Horseradish Root,,,false
Sauce - Chili,,,true
Muffin Orange Individual,,,true
Salad Dressing,,,true
Appetizer - Tarragon Chicken,,,false
Orange Roughy 6/8 Oz,,,true
Chinese Foods - Plain Fried Rice,,,false
Potatoes - Idaho 100 Count,,,true
Wine - Jafflin Bourgongone,,,true
"Juice - Tomato, 10 Oz",,,true
Pepper - Roasted Red,,,true
Cod - Fillets,,,true
"Wine - White, Gewurtzraminer",,,true
Honey - Comb,,,true
Crab Meat Claw Pasteurise,,,true
Rice - Wild,,,false
Sponge Cake Mix - Chocolate,,,true
"Onions - Dried, Chopped",,,false
Bread - 10 Grain,,,false
Pie Filling - Apple,,,false
"Cheese - Mozzarella, Shredded",,,false
"Soup - Beef Conomme, Dry",,,false
Canada Dry,,,false
Soupfoamcont12oz 112con,,,false
Contreau,,,false
Yucca,,,false
Chinese Foods - Plain Fried Rice,,,false
Pomello,,,false
Tandoori Curry Paste,,,false
Island Oasis - Lemonade,,,true
"Wine - White, Riesling, Semi - Dry",,,true
Towel Multifold,,,true
Wine - Chablis 2003 Champs,,,true
Wine - Cave Springs Dry Riesling,,,false
"Pasta - Lasagna Noodle, Frozen",,,true
"Lamb - Whole, Frozen",,,true
Beer - Creemore,,,false
Veal - Sweetbread,,,false
"Vermouth - Sweet, Cinzano",,,false
Gatorade - Fruit Punch,,,true
Veal - Striploin,,,true
Rice Wine - Aji Mirin,,,false
