code,state,products,client,employee,date,time,observations,createdBy,lastModifiedBy
h2gg218474,,,,,,,714-aebM64-981r6-37!-!H3,,
fnbo9184k9,,,,,,,429-jwjQHS-5589r-36!-!YJ,,
zza98932oy,,,,,,,330-xuqU52-100ur-99!-!6M,,
mkiu8034k1,,,,,,,513-cxv2XG-561bv-43!-!UH,,
u5jn981849,,,,,,,997-t3xIXI-834n3-56!-!H3,,
mmk62416b5,,,,,,,614-1dc49D-3566q-35!-!72,,
6mlv5155jx,,,,,,,250-qb66WO-442h6-05!-!N3,,
5g413406v0,,,,,,,947-jcwO59-0633m-24!-!ZF,,
hr475538bq,,,,,,,036-jhuI54-105xl-67!-!01,,
ybk43413o7,,,,,,,344-criYA9-5572k-09!-!4M,,
m3wr5944gg,,,,,,,325-rpaMBW-161db-95!-!IO,,
vk2l9356p7,,,,,,,262-7372SZ-875xa-61!-!V3,,
j1tk5505ho,,,,,,,217-k8kA4I-810fr-36!-!5V,,
3kl676994e,,,,,,,276-zx53XJ-274oo-29!-!3F,,
tr8930042k,,,,,,,247-r1vR5B-967b3-39!-!0Z,,
58yd65357n,,,,,,,832-n0yQ6B-6897m-14!-!R5,,
yemg0565zh,,,,,,,268-jwwCJT-087ey-99!-!FR,,
ncmk8474t4,,,,,,,274-r4fFN2-025g8-92!-!O3,,
qhi70163ok,,,,,,,992-pgn8YD-5260h-12!-!2N,,
mgob9577t3,,,,,,,438-tqaU64-058te-03!-!LZ,,
k1y06463ko,,,,,,,750-53mO4L-789ga-94!-!S2,,
syhe34285m,,,,,,,239-fhl3U9-027gd-79!-!EV,,
pgrc1627al,,,,,,,852-fdvK65-3862h-62!-!0K,,
q6jg363267,,,,,,,229-ov92BD-659q7-58!-!J9,,
7kbz4509zt,,,,,,,627-lvr8BH-466wf-77!-!8G,,
skg50510y2,,,,,,,756-fvc850-0094v-40!-!X8,,
1mcj4551zh,,,,,,,319-u020HL-419r9-49!-!3D,,
g5gt9385re,,,,,,,807-uolI7J-381cq-43!-!RU,,
nng16055rw,,,,,,,707-kcsRZH-5498n-22!-!AR,,
4wct8025rn,,,,,,,297-pvhM22-252z4-23!-!VZ,,
f3ay9726ce,,,,,,,844-6pzMZ9-013uj-06!-!NR,,
95w73079e0,,,,,,,045-pjp0AT-6992x-21!-!75,,
0y748873fu,,,,,,,104-ccqF61-7070p-10!-!34,,
p1j92164e9,,,,,,,449-bjh36G-691f1-27!-!0F,,
zlk70449tj,,,,,,,533-i7kSZD-973en-02!-!W9,,
l00d1795y3,,,,,,,639-9guKCD-232wo-22!-!PQ,,
fdua9016pi,,,,,,,233-9hrBDN-469sn-34!-!C7,,
wdg587249y,,,,,,,537-3q30DU-4844l-68!-!EJ,,
rhwv49994n,,,,,,,561-m4bE0L-577du-61!-!3Z,,
4ptk4771gp,,,,,,,392-4y0OTA-671qb-07!-!I2,,
o19m3441zt,,,,,,,444-vl4HWY-512k6-85!-!B4,,
ls4x84507i,,,,,,,352-j5i857-281as-25!-!L7,,
b60j47436n,,,,,,,629-tivIPR-893zn-02!-!MZ,,
8h2k70990h,,,,,,,995-s1mUOB-8860a-85!-!13,,
n3e72346e6,,,,,,,702-j6kA2B-1743y-03!-!4K,,
9yjw4092ca,,,,,,,710-z6vXGO-440pd-24!-!SU,,
3sa79992lt,,,,,,,080-3rpRB1-754uy-45!-!QE,,
ggq8429212,,,,,,,941-duxFD7-198wx-59!-!FB,,
gscd2524hf,,,,,,,451-pyjJCF-136cq-32!-!BB,,
mcd443159j,,,,,,,003-liiLDX-5286l-43!-!IT,,
d5si70003r,,,,,,,103-2bvCGL-1714j-84!-!GB,,
m6fr0536pr,,,,,,,316-jly53Z-662ma-55!-!XC,,
8h2h0762bv,,,,,,,931-nviA2W-491aa-26!-!AM,,
lbvt5821s6,,,,,,,351-mauFDS-016ol-21!-!1H,,
uylx8273dq,,,,,,,270-ny3L0Q-969wf-17!-!FK,,
qes31637bq,,,,,,,998-331Y95-971r3-40!-!1R,,
vjn81705wg,,,,,,,429-txdARX-928gt-73!-!Y8,,
yljg9335kg,,,,,,,492-x04SMB-051kf-42!-!AX,,
98lk2883et,,,,,,,096-jbiPZ7-722pr-60!-!XH,,
79b32320so,,,,,,,159-7tlLLZ-309dr-38!-!15,,
on7n0298qf,,,,,,,248-p4sYP2-2979g-21!-!1A,,
pjfq8784ui,,,,,,,658-5hpO86-390hp-76!-!B5,,
2qj01815ll,,,,,,,448-6y6F6E-687le-79!-!A4,,
84jk360699,,,,,,,566-10xQ0W-816pp-76!-!ID,,
cgqk0455nk,,,,,,,286-9a9F43-831qo-78!-!JQ,,
rno90868x3,,,,,,,975-p8bRSK-281zs-14!-!UO,,
43nr7729rb,,,,,,,135-t8sZDS-5621w-38!-!9R,,
zi2i2055x8,,,,,,,922-rfp5JJ-79224-13!-!DS,,
yw0z8123cu,,,,,,,073-wq6DOT-680wu-37!-!I1,,
0klr9391nd,,,,,,,685-oehW9X-3084w-26!-!N5,,
qh3x7565xu,,,,,,,004-hew2O2-866rc-24!-!U7,,
q8ru88834y,,,,,,,511-3zjOYD-0683g-52!-!PF,,
wfvv8273kk,,,,,,,509-9v2O04-525u4-66!-!R4,,
iah783677o,,,,,,,538-22p03O-064k7-49!-!0D,,
gzu73624qj,,,,,,,815-5mh6XL-7396g-20!-!VP,,
a08z5477qz,,,,,,,643-9j4B4M-003z5-02!-!1W,,
vx7m9728nx,,,,,,,160-qw8PQQ-895as-83!-!Z8,,
hzcq2861tp,,,,,,,606-bryO91-622ae-37!-!89,,
hyjn5189ik,,,,,,,112-du3XAC-164s8-48!-!9Q,,
vkim2174fl,,,,,,,794-d9tYYK-75806-30!-!K8,,
2mwf93821e,,,,,,,831-xt1BR2-842n5-40!-!B6,,
0hgd5926pv,,,,,,,306-h9bKPE-5806m-41!-!MD,,
rbof9788xr,,,,,,,591-of1J33-12914-64!-!B3,,
ww7k18249f,,,,,,,015-y1fJ0M-211m7-32!-!H1,,
ewy90776mc,,,,,,,649-5trH5B-915da-27!-!3N,,
98o39930lj,,,,,,,339-d4iMLA-742ho-45!-!EW,,
g5or4094xd,,,,,,,106-dw3COD-715hx-35!-!TR,,
evh65980s5,,,,,,,478-cmkQBA-214or-80!-!0J,,
7ayp4282ef,,,,,,,764-69nYWQ-755u4-16!-!1L,,
t8qk2717mb,,,,,,,552-ec2ERH-413gz-00!-!U3,,
j26f1679ad,,,,,,,778-emcAWL-054eg-50!-!XP,,
n7qm9236bo,,,,,,,377-luz5UK-01265-06!-!FL,,
q3aa13944h,,,,,,,808-a6d3QG-785cx-62!-!RE,,
ede69087y0,,,,,,,759-93vNUC-1413h-22!-!BW,,
7ihq5998t1,,,,,,,906-r46A8U-285ck-87!-!S2,,
igag7480vg,,,,,,,496-4yzFWG-968iu-43!-!0I,,
2mjc4224tx,,,,,,,355-713SWR-027wo-36!-!4I,,
mrig88583o,,,,,,,681-ps1NQZ-692xc-40!-!15,,
q9p81478xv,,,,,,,918-9flD35-847cf-64!-!IB,,
0z2z664830,,,,,,,415-uorWHA-125v7-17!-!CS,,
99il1043vv,,,,,,,595-lv74BE-241km-70!-!OR,,
k5733321g4,,,,,,,521-nuhCV5-479q9-25!-!PE,,
wdvk6637qm,,,,,,,169-u1nCN3-7659p-42!-!HE,,
nz1d1706i9,,,,,,,687-rftFT0-759kr-03!-!E4,,
ahkl8036bw,,,,,,,781-2wpWPH-6676f-21!-!NF,,
3ot80526a6,,,,,,,557-2g7ZA1-184bk-28!-!UH,,
1mht95347c,,,,,,,115-k9dB9A-9118d-62!-!1E,,
pvl932812h,,,,,,,193-5tdX02-424sg-81!-!2O,,
5xay25901k,,,,,,,111-8fq8EX-96355-56!-!QP,,
prvw1025tu,,,,,,,927-xx0IFU-790y1-06!-!VF,,
bhpw35386j,,,,,,,980-8i08M4-077f0-15!-!4Y,,
ia3q6580a3,,,,,,,142-mw7LN9-1422n-82!-!TA,,
k7q47732i2,,,,,,,346-4ucM3A-867qb-29!-!ND,,
dx6u2141i6,,,,,,,464-v7cKMK-065wz-67!-!G9,,
zxah7751cq,,,,,,,843-phaYPQ-59765-27!-!I6,,
0srp75650n,,,,,,,529-sn7DQG-31432-90!-!UO,,
zxra4726s4,,,,,,,847-n2wW32-183tv-93!-!8J,,
74g50330ma,,,,,,,792-dp9CNP-195vu-27!-!U7,,
2d5t61837n,,,,,,,038-s7gQC8-392td-90!-!BE,,
fk9w4943hh,,,,,,,757-do2LNE-329le-00!-!XH,,
n5c808653c,,,,,,,370-yfz976-1986p-85!-!A7,,
nn1t4059x0,,,,,,,757-jnmSMM-0975c-89!-!4J,,
i2tg722549,,,,,,,717-14rQS1-0715a-65!-!HE,,
zolc13092h,,,,,,,430-nqsG68-619xe-03!-!OI,,
lg0x5901de,,,,,,,257-8ofMUN-190x8-22!-!7J,,
jzav6172ur,,,,,,,580-6zwNF6-773qp-06!-!NK,,
4vwp3467j3,,,,,,,276-xcd0EI-858zw-48!-!6O,,
92n5040985,,,,,,,083-86m7UI-203xk-29!-!PF,,
bwa79498o5,,,,,,,556-mx1Z0W-707o5-13!-!CM,,
wptg1983bq,,,,,,,184-9r8LBC-120ym-61!-!RP,,
kzla9210q0,,,,,,,273-kmq3RO-7476s-39!-!VK,,
ewkz8821u7,,,,,,,724-4hu856-1259b-81!-!XO,,
uw8459367o,,,,,,,469-2xl46O-478hq-35!-!KQ,,
wrz39431di,,,,,,,475-tt7DH0-382cc-21!-!VU,,
08d09655xk,,,,,,,248-m7yKLD-71039-02!-!0X,,
5evk3102gx,,,,,,,951-r9xXZ3-9419y-61!-!CE,,
udtj97814u,,,,,,,247-t08E9W-8753x-85!-!CK,,
0jw94160qw,,,,,,,703-omfTVH-2254a-80!-!3Z,,
9k2q7611ey,,,,,,,231-8050VE-049pd-57!-!BG,,
wnmh66353g,,,,,,,666-tyn7K5-35221-38!-!I9,,
zg0p6509lv,,,,,,,876-9rkA5N-6324a-47!-!WQ,,
k2jx06250j,,,,,,,254-mz8FAL-164do-62!-!C9,,
ljmd0695ou,,,,,,,105-743ACT-7230s-03!-!FN,,
o1pu9089jn,,,,,,,332-qxw9W0-16066-29!-!0I,,
oxe96162kk,,,,,,,278-9865RK-2382g-80!-!1C,,
kybk5877k7,,,,,,,723-ucy33H-405yg-57!-!F2,,
ztun1909a2,,,,,,,338-bxz2ZL-974v7-51!-!TX,,
cp2j31558d,,,,,,,088-cdnD57-331rn-25!-!WG,,
8x44165043,,,,,,,720-51pUMJ-64443-13!-!JH,,
xeqs0858pk,,,,,,,310-omhI39-42277-83!-!W2,,
92u71060v8,,,,,,,044-3l0YTE-8044g-79!-!C1,,
4ik114610w,,,,,,,308-73lE08-619k2-07!-!GQ,,
19j98788cv,,,,,,,731-0ykO8B-737va-68!-!IP,,
3iao9724oq,,,,,,,072-e5pN3P-356z6-66!-!5V,,
23r80471ov,,,,,,,766-vo95Y0-353om-42!-!PK,,
s6i569336g,,,,,,,487-z207HX-919jk-76!-!G8,,
aua4504074,,,,,,,523-snqI6H-335nv-92!-!GD,,
z8x52222qz,,,,,,,974-w7lRVU-228g2-99!-!H2,,
rri82811ly,,,,,,,318-pe2PR2-09248-75!-!61,,
4n53176119,,,,,,,311-9ao4A9-1479i-05!-!TA,,
jr4o6178yv,,,,,,,587-zcs1A5-704ed-20!-!UU,,
xcgc698996,,,,,,,784-3cpCU7-518zt-82!-!O6,,
z6ob1384lw,,,,,,,026-bzpQWF-495ku-51!-!23,,
1f5t3688zd,,,,,,,932-qm4R6C-2791i-06!-!06,,
34sw7428vx,,,,,,,380-nq8SWW-287fi-45!-!R6,,
u1lk828878,,,,,,,351-jhw7JE-512k9-91!-!QD,,
ydts48972s,,,,,,,335-amqOAX-286yi-18!-!VQ,,
r9rv8418sx,,,,,,,998-z9yTI5-416g6-35!-!V3,,
0isp4270mv,,,,,,,261-a4q3XN-92065-09!-!SZ,,
w7tk664800,,,,,,,730-f4zHT7-9351m-10!-!DE,,
qpvz8691z8,,,,,,,063-21eCK3-588bm-55!-!5A,,
iaoz8281pc,,,,,,,996-jovR0F-798p0-28!-!OR,,
ai36617153,,,,,,,829-e2eA39-316ts-64!-!8C,,
w4d44811jc,,,,,,,048-0y29EF-311r5-81!-!QH,,
a1mc3784v1,,,,,,,834-x9t62M-309w1-09!-!G7,,
wal13923nm,,,,,,,386-8jcPN1-6841h-71!-!52,,
edod5269s0,,,,,,,880-nwbI65-474vv-58!-!UA,,
zn6n5793kz,,,,,,,113-pvtO5W-727zf-44!-!E9,,
xtw76405jo,,,,,,,489-63c9VW-965vo-66!-!0T,,
kdef26774c,,,,,,,178-c99G5I-8168n-07!-!PF,,
z4ga0406y3,,,,,,,153-ed88L6-3473c-61!-!LV,,
ebzb9963k5,,,,,,,475-194ECJ-550f1-97!-!KN,,
5td72183wi,,,,,,,083-r9n2LA-765a5-44!-!KI,,
jute8108gf,,,,,,,392-zthFYG-902w6-75!-!MI,,
bevx3212yc,,,,,,,176-39fWML-363p7-70!-!0C,,
0c0i7597gm,,,,,,,783-pmyOV0-6800q-97!-!IL,,
xbpb3249pr,,,,,,,466-fq68RW-8730i-37!-!LG,,
2y0d68003d,,,,,,,619-r73KWP-528se-04!-!CV,,
mvdy0308zd,,,,,,,082-t8oRLA-0786b-60!-!I6,,
y7yi36300v,,,,,,,749-gigD0M-408pa-59!-!8I,,
vfeu875957,,,,,,,397-utxAXD-130pa-04!-!RD,,
ihra6732v5,,,,,,,513-q2072E-1135z-73!-!IO,,
51sf58412q,,,,,,,479-ah5XGV-3692z-09!-!FD,,
3rhk5318x0,,,,,,,876-o6jO68-007xu-62!-!R4,,
djyr5470ul,,,,,,,029-5u8V5X-867b1-28!-!B3,,
ezni12370a,,,,,,,175-zkgTED-258zk-00!-!O2,,
dfvh04762w,,,,,,,758-kad4IO-910qj-22!-!DK,,
0gqq3471n3,,,,,,,143-3rwG1A-083yf-20!-!5G,,
40185140iu,,,,,,,720-pivPRA-537yu-76!-!RF,,
phgl0006jz,,,,,,,596-j9yN8L-3594g-35!-!LQ,,
z97g7841tl,,,,,,,410-bv8A81-928ig-71!-!B9,,
bt8k0945jp,,,,,,,574-1rp7BN-5489o-69!-!IF,,
fytx4764fv,,,,,,,287-noeI9X-886uo-67!-!HE,,
qhet7319vr,,,,,,,111-ppqPM4-025cx-24!-!IO,,
cqen9849be,,,,,,,830-6tfGJJ-518et-40!-!IY,,
85uj6035sa,,,,,,,903-ko0WUM-454xf-54!-!A8,,
rd16743857,,,,,,,042-vrqEPB-251gy-82!-!ZS,,
ydnd5301b4,,,,,,,551-046IBX-402q3-10!-!09,,
03jj4862es,,,,,,,857-lv6W7Y-209h5-39!-!EJ,,
uqh660733g,,,,,,,170-9vkSYR-724z7-14!-!C8,,
j20t5982lc,,,,,,,202-a6mVIW-815at-12!-!BG,,
aw0v4915p0,,,,,,,775-lhhFDG-5220w-70!-!X0,,
8eo95552xf,,,,,,,449-3j83I4-15046-91!-!EH,,
kfjr00202s,,,,,,,597-tmjIUL-920h4-99!-!HW,,
y54k7970gm,,,,,,,608-bg67OF-7310s-27!-!5Y,,
u10z3135bh,,,,,,,800-h04GKJ-7871u-99!-!Y5,,
pl069212x6,,,,,,,521-4s9ZPK-952v8-69!-!11,,
z6zm0887db,,,,,,,570-qc7SL2-09323-97!-!75,,
mho85005rt,,,,,,,982-otrLOR-6775l-79!-!T3,,
mo3h1934d9,,,,,,,415-rfaX8R-246up-75!-!KP,,
jsen3262xs,,,,,,,529-qtf75D-79159-82!-!7Y,,
qfc13907kn,,,,,,,986-chg1Y5-006h6-33!-!GB,,
xfhr825889,,,,,,,139-denX88-660fc-14!-!YV,,
b6eb4070iv,,,,,,,881-h2h87H-056dc-06!-!T4,,
ilnx23608i,,,,,,,779-3tpZSS-571o5-31!-!8B,,
y0pg8775e8,,,,,,,621-n84SNA-10366-24!-!9K,,
1cwy1158lo,,,,,,,758-0s14GP-643u1-14!-!U9,,
jomy4591n6,,,,,,,034-9q5VOR-9231r-36!-!RV,,
z25849992d,,,,,,,285-822XJE-591el-71!-!Q5,,
17j01136h4,,,,,,,258-4qeQ8V-930gc-58!-!9P,,
yc5a51083g,,,,,,,336-w0f06C-08166-03!-!F6,,
rol221057z,,,,,,,905-7nyBA5-182bm-29!-!KS,,
r1g298329l,,,,,,,155-n2dFYU-4713a-99!-!FI,,
8za97955zh,,,,,,,346-juv7TK-450b4-83!-!08,,
d17e09416y,,,,,,,139-t5hKWT-21767-94!-!6L,,
bmx4260505,,,,,,,939-4upUQD-1369s-75!-!O0,,
oz9a6214xa,,,,,,,231-9ciF54-6253z-32!-!AD,,
8by174498q,,,,,,,929-qnsASE-360e4-90!-!WI,,
4wld5884l1,,,,,,,849-y6pDJT-711oh-43!-!VO,,
ykw46065yy,,,,,,,200-83x16R-016st-67!-!F5,,
11124177r5,,,,,,,520-s6eHS0-321sw-45!-!K3,,
sgv29413ed,,,,,,,412-514HZ2-200f4-30!-!EI,,
o0fp7161gt,,,,,,,611-l4305K-451c8-75!-!PL,,
v8t71110pj,,,,,,,623-thpMTV-638xw-15!-!2Y,,
yh9e9063ij,,,,,,,254-p8vEDP-761zh-57!-!GI,,
fagt8322jt,,,,,,,423-2h6I1N-505c4-33!-!HD,,
apjo0778fe,,,,,,,451-7fzIDP-011vj-63!-!09,,
2jls0779t2,,,,,,,399-dbk025-27758-64!-!NE,,
sfrr416621,,,,,,,932-dcfXFU-959dm-28!-!FU,,
4ox10757hb,,,,,,,192-s4qX6T-085k4-85!-!8Q,,
ooo98723hg,,,,,,,081-pzf4PP-427is-59!-!W2,,
m4e30201cs,,,,,,,349-7ek29F-412bw-01!-!AE,,
tbzj2173cb,,,,,,,215-mwcVRG-097io-98!-!2C,,
26x548053b,,,,,,,073-f27FYT-223cl-39!-!0U,,
jwxy5239w6,,,,,,,375-nxbNZ2-292ac-67!-!3Y,,
drc19006be,,,,,,,270-ia6U4M-580u9-27!-!OK,,
c5p87629i5,,,,,,,533-xheS1W-7224k-21!-!6H,,
pa40197013,,,,,,,381-pciUN4-052ew-62!-!3R,,
sj426138p4,,,,,,,406-mky2YN-489x1-49!-!JT,,
3ubp0526bs,,,,,,,947-6g18VM-988ov-99!-!6Y,,
tdxk9498i3,,,,,,,173-ikaYVI-491gf-02!-!0O,,
b9lv0881vi,,,,,,,906-kskBP1-66893-82!-!GU,,
qwsc10192q,,,,,,,279-uwfF82-49336-35!-!WO,,
8jt51574yu,,,,,,,236-fw3J56-5549f-35!-!N2,,
lesz0108ov,,,,,,,574-83bBYN-386x1-52!-!51,,
zh2n184701,,,,,,,691-q95HG1-557rn-35!-!1V,,
hkwb301621,,,,,,,462-br18Y3-262n4-81!-!SD,,
thir2143j3,,,,,,,653-d9lWQ9-703ph-11!-!76,,
h3hj27904a,,,,,,,209-eorRR2-678bd-29!-!GR,,
p0pu0194hr,,,,,,,169-9loXU1-33685-35!-!MH,,
bkpq6318nm,,,,,,,950-g6oWHA-5509c-37!-!FI,,
dd176908b4,,,,,,,572-j8aVL7-177xl-06!-!2D,,
ogfb36396z,,,,,,,525-q7wN3G-425l7-19!-!J7,,
p6i58497ch,,,,,,,066-q1xS17-225eh-61!-!NL,,
oenr905434,,,,,,,028-d14JBT-587ia-01!-!50,,
73jx5211wf,,,,,,,985-c9jS4X-45071-22!-!08,,
4ju40274ay,,,,,,,717-qvy34D-929pd-05!-!JO,,
9tal1125fe,,,,,,,574-ogoXW1-7655d-09!-!JJ,,
4cx94548fi,,,,,,,310-5f8BS4-4006b-68!-!R2,,
v6ri31355h,,,,,,,689-nxj9GJ-138n3-47!-!5A,,
tgk11518jd,,,,,,,531-65yFL8-0867d-16!-!PZ,,
p2by5424bl,,,,,,,756-ly8S3R-259wa-39!-!NX,,
bqhf8281k7,,,,,,,010-bmjA2Q-682gw-52!-!3I,,
k9ik29392r,,,,,,,242-ck7730-61752-92!-!2D,,
sp372690uy,,,,,,,454-b5yIK9-3640k-96!-!NV,,
58sd9035r1,,,,,,,033-n4cHV4-295d7-23!-!51,,
ub4r9868rd,,,,,,,458-ryoQUI-4116s-96!-!HP,,
brvj0011jh,,,,,,,938-bek8KT-2425b-82!-!OP,,
ci279123hl,,,,,,,211-65xXJX-682f2-23!-!BG,,
uh359769m9,,,,,,,082-80tTHB-4599r-22!-!5V,,
mkc24588pg,,,,,,,770-q66U6N-202ss-58!-!FT,,
js9o9343kg,,,,,,,078-ajvCEE-6900m-78!-!B8,,
3dme36657u,,,,,,,877-fefBKV-7424h-88!-!2Q,,
x5pt9067r2,,,,,,,454-w6a232-691eh-45!-!G5,,
d58q2479m1,,,,,,,743-5509HJ-728kd-52!-!U0,,
tryx64720z,,,,,,,692-emgWET-2499e-72!-!3T,,
pm8w29344x,,,,,,,283-wtkMTZ-908rv-24!-!WT,,
wr684053kp,,,,,,,930-8htS6B-284g2-05!-!B3,,
lwc16962al,,,,,,,443-p6b4J4-6303v-33!-!DV,,
3o4c84369c,,,,,,,704-7vxSGO-3302v-99!-!R4,,
e7qd6720gj,,,,,,,174-nggBMK-616mc-04!-!WG,,
gj154544af,,,,,,,275-4t7CQA-20670-66!-!8D,,
m3fh4139qi,,,,,,,813-3c8IDK-02395-13!-!2R,,
0c2l2744pi,,,,,,,621-epfUPT-668su-03!-!6H,,
98hh33326t,,,,,,,831-w4vUMM-211wv-98!-!IC,,
tza76256yl,,,,,,,333-8rl1AT-518re-28!-!K9,,
6mba019527,,,,,,,825-5omE2V-929l0-29!-!QV,,
eikr57428c,,,,,,,123-3vp339-43504-46!-!V8,,
2yw57023ow,,,,,,,715-r9oY4W-763a6-85!-!0N,,
6j2c383957,,,,,,,431-3veZ3F-502yw-01!-!F9,,
jbd17689bc,,,,,,,077-9ruYTK-419fu-24!-!LR,,
qh1n4500kd,,,,,,,318-eu2M10-5620k-05!-!3Y,,
kf5a28697t,,,,,,,447-od6V7E-508d0-44!-!S3,,
yrp70146yw,,,,,,,364-8j0V4R-4081i-61!-!X4,,
irqv2556x4,,,,,,,495-z3z2GV-9404w-58!-!UD,,
pag28824wj,,,,,,,936-m8hE17-3977a-48!-!X2,,
qg9p5080zv,,,,,,,576-412W31-748r5-31!-!CI,,
mu5l0999ta,,,,,,,598-1o945U-676aa-63!-!9G,,
5vsx820397,,,,,,,667-usbVAJ-982br-89!-!VW,,
iius9741kd,,,,,,,172-8xz4V7-642um-63!-!LO,,
bw754925ec,,,,,,,566-oawZAU-0621f-03!-!8W,,
ztq08440ke,,,,,,,671-92lH0B-111bh-90!-!6K,,
ikn04669mj,,,,,,,149-hso0MF-414hz-71!-!CY,,
smv7442674,,,,,,,968-h5b2G2-302b2-68!-!BO,,
7bgt5303ng,,,,,,,761-k4bV5T-85899-80!-!YA,,
ghbe4721wl,,,,,,,999-elzKHJ-283j0-91!-!M6,,
zd9l1109xg,,,,,,,845-ap0YP6-176wd-94!-!0W,,
nqiq7131mn,,,,,,,973-7hvET6-1077r-29!-!72,,
9dkw70639a,,,,,,,842-8riVFQ-504b0-30!-!T8,,
n02s0694vv,,,,,,,570-67bB1N-958j8-18!-!GX,,
3ou25950aq,,,,,,,198-usgVGM-073fu-50!-!0N,,
q5ko63701j,,,,,,,443-pqhC8K-1060m-10!-!L5,,
36qy9483hm,,,,,,,269-3wqKOC-306yg-25!-!MP,,
0qs56370pt,,,,,,,325-wpeR1D-752ng-19!-!HS,,
3x1s5364ca,,,,,,,058-mozAEH-5422w-37!-!3O,,
dsxv7287jk,,,,,,,167-z0tUTZ-548s9-00!-!E6,,
xhdd0317zb,,,,,,,202-rwt4VO-952jt-79!-!OR,,
ea450174i2,,,,,,,307-49aLEL-448ff-59!-!T6,,
xrc780163j,,,,,,,889-2afYZG-656ln-83!-!YD,,
ybzr3980x0,,,,,,,758-k14G5H-23092-79!-!QK,,
jzcm1976se,,,,,,,644-kusXXI-278ds-52!-!ME,,
6h061751ag,,,,,,,936-1glOMN-422po-16!-!PH,,
bqau3998zt,,,,,,,704-4xd2O9-0791n-65!-!T2,,
i1ne2743tf,,,,,,,754-81z3TZ-061lz-89!-!Z6,,
yxip6742nm,,,,,,,979-nb8FME-48834-96!-!E2,,
jhoi4514ty,,,,,,,392-qg4LU7-1823o-79!-!QJ,,
d2yb9892hu,,,,,,,672-pv49YL-957g8-94!-!9L,,
bwdl41192j,,,,,,,987-ve3MAX-1194n-35!-!UD,,
f0sw8240zz,,,,,,,911-xcfG31-931ng-08!-!XR,,
czeb22942t,,,,,,,433-2ul14P-15480-94!-!UN,,
mzjb8031g5,,,,,,,046-tde57H-824li-64!-!B5,,
rumf4587rq,,,,,,,474-64wQF8-599x7-67!-!RM,,
xzok1116hy,,,,,,,658-0sl989-817xs-47!-!5F,,
s4as00101c,,,,,,,264-ota5MJ-955w9-42!-!5P,,
xrur22809p,,,,,,,305-3su9W4-767fx-51!-!KM,,
bpqg26310w,,,,,,,095-401WE1-854v8-20!-!16,,
d84l2865c4,,,,,,,023-zhsF8G-9292c-56!-!4E,,
l2ib2488dq,,,,,,,022-odcS33-01440-32!-!AG,,
wktu5802q2,,,,,,,864-98lW8A-533c6-11!-!PH,,
mgje10812b,,,,,,,058-3hc2XX-33666-10!-!QV,,
gtvj2284yd,,,,,,,636-i1jYEK-908i2-63!-!12,,
2b553696zi,,,,,,,449-o909T3-463qk-84!-!Y8,,
bqou55893b,,,,,,,208-f5iZHU-4666o-96!-!4Z,,
j7pt5965j9,,,,,,,695-k5b5LM-703om-59!-!IG,,
2nms7143py,,,,,,,533-keeMEE-664tj-08!-!K7,,
ueut9300gk,,,,,,,278-oz57GM-033bn-60!-!E3,,
moau13409p,,,,,,,326-0otK6L-689dv-25!-!NP,,
ygzm1094vf,,,,,,,739-3ulG9E-21642-10!-!S3,,
jbco6622sh,,,,,,,923-luhVAB-532i1-05!-!VM,,
f73z587465,,,,,,,014-90mKIZ-1575e-79!-!WT,,
op5z843805,,,,,,,364-opfJKL-415lg-33!-!HJ,,
5iee7573n0,,,,,,,802-9g2P94-3142c-03!-!Y6,,
exey67269p,,,,,,,139-nb6C2N-3390d-33!-!NY,,
zk3d7765xe,,,,,,,797-6me0LK-631n0-03!-!LX,,
xwwo1356h9,,,,,,,129-2gyNYW-829j6-23!-!4G,,
h55v5698cd,,,,,,,612-usjOPD-754k3-60!-!FL,,
j8z73297i8,,,,,,,814-7rtYB3-810ov-18!-!B3,,
4sio8528m5,,,,,,,612-jyi6SS-841bu-14!-!FP,,
oosa1332i3,,,,,,,824-7p4J93-080wh-38!-!CR,,
kpy24864x4,,,,,,,618-u9eG65-190gj-67!-!1S,,
jdsx3012cm,,,,,,,232-mohCHN-1467z-41!-!KB,,
2skp1166ku,,,,,,,703-u8v0TN-340os-81!-!Y4,,
559r32061n,,,,,,,699-1wkIYY-0898d-60!-!QG,,
1mft1717iu,,,,,,,788-7joJJK-7350e-07!-!CY,,
mpug1212fc,,,,,,,878-y2l48N-209kt-57!-!W1,,
75c10139qb,,,,,,,895-mshCFO-715h7-16!-!8K,,
7ae09819eg,,,,,,,882-hd1AON-0396r-63!-!45,,
xlvy8472ko,,,,,,,866-ndjSFA-347bt-23!-!RT,,
ph4v6041nw,,,,,,,645-t66QDD-922fu-78!-!86,,
k9ss895956,,,,,,,933-mi60CS-044s2-18!-!AQ,,
qoan92635z,,,,,,,637-s3e712-482yb-73!-!A1,,
3aa11564zx,,,,,,,883-iirYOM-688y8-51!-!NV,,
2h2v8507gd,,,,,,,685-n0nKX1-184v8-16!-!C1,,
3w4f6591rt,,,,,,,504-fcjJX8-381g9-57!-!AP,,
bnmm9386ld,,,,,,,044-fbjE9F-563rm-85!-!53,,
8anf40772b,,,,,,,767-s8h26X-225a4-14!-!GX,,
lvae5738qj,,,,,,,029-jw0XXH-71481-61!-!RP,,
jwt40487h4,,,,,,,915-9omP6Q-9965q-16!-!29,,
hx3l4712u2,,,,,,,943-4o7QL6-34782-34!-!H4,,
hcqa2974zk,,,,,,,402-tutRAZ-8591s-10!-!OZ,,
i0827272au,,,,,,,247-v7pOIE-377yr-37!-!NG,,
oliw4398bi,,,,,,,523-jq34E5-1274y-33!-!TI,,
b2sd8474ma,,,,,,,145-rh8XTV-2445c-07!-!F8,,
x9lz4630yf,,,,,,,942-gb6U0L-717ic-93!-!XG,,
2nc680227m,,,,,,,902-tmkR22-5407q-47!-!V0,,
3hzq3089iu,,,,,,,512-lzdN4P-5982l-01!-!A7,,
1sua9467pu,,,,,,,421-x175II-75080-55!-!SY,,
99ex76675v,,,,,,,342-82uXEL-120fe-67!-!X6,,
92zb30146b,,,,,,,625-rnuB95-642d7-42!-!W7,,
iq7s0864do,,,,,,,900-5ev0LV-372zv-43!-!XP,,
0wj71985d5,,,,,,,999-p7rXA3-859w5-00!-!PA,,
hi4h3682cz,,,,,,,746-cm5QRA-508we-30!-!FS,,
9e2k38732x,,,,,,,712-a68TCS-260df-32!-!EY,,
vwk85254nf,,,,,,,611-tvzMVT-990lh-73!-!IV,,
atzx299346,,,,,,,651-qhvJ2U-923w2-14!-!V3,,
49d397667o,,,,,,,203-ao4UHV-855zs-93!-!FT,,
8tfk47050w,,,,,,,965-zpw2IX-294ms-03!-!QM,,
rt750174ey,,,,,,,351-tupBD1-406os-88!-!9K,,
iar03527ys,,,,,,,092-tk8NNL-4613r-84!-!O6,,
0kgy4512fo,,,,,,,485-kbjV6K-5791l-01!-!MO,,
d4z16869st,,,,,,,353-b84YG3-452us-79!-!4L,,
gk5y4865ni,,,,,,,259-6qkIIS-194yb-91!-!SD,,
u5hs4942v9,,,,,,,054-n40ZJT-140vr-39!-!D6,,
yuh46893ai,,,,,,,617-txu7S6-147s4-28!-!F5,,
ta325364j8,,,,,,,608-3t9DA4-6537t-15!-!NI,,
e8xf6186hb,,,,,,,797-s9sOQ0-959rf-32!-!S5,,
88sw8678sh,,,,,,,461-j5dJM1-6259q-31!-!58,,
r19a4734yo,,,,,,,073-na4T3M-335z7-99!-!EE,,
4gf316606f,,,,,,,980-g3eSTC-30211-50!-!DW,,
9unb2471m8,,,,,,,726-a4oG2V-403hn-92!-!67,,
ndza1559zq,,,,,,,513-1lmBYZ-314d3-89!-!YJ,,
io7l5478fx,,,,,,,263-zu9IDP-242ty-58!-!0A,,
9wtg4442si,,,,,,,044-y2lG3A-9294t-57!-!TZ,,
53sr0051xq,,,,,,,672-0u3P5H-595e1-79!-!BF,,
zhcc6007og,,,,,,,765-b25QLE-06504-72!-!5M,,
uu981042ia,,,,,,,808-b1yIV9-171kq-88!-!KO,,
e241683290,,,,,,,568-f62IJU-711jp-82!-!PK,,
ed6a0429yg,,,,,,,451-l2g4WD-973gm-39!-!39,,
5hl56570iu,,,,,,,768-oqo86K-3925z-78!-!QY,,
o2t40543gc,,,,,,,215-ocy1V3-664gd-54!-!WV,,
16wx0751ax,,,,,,,717-cipNSO-16192-92!-!TQ,,
dwft54119p,,,,,,,981-0l5H26-663zg-68!-!30,,
wm5l1425cb,,,,,,,636-3ac83Z-071wv-17!-!DX,,
5bew9475xz,,,,,,,965-cyn9XA-4191o-00!-!2R,,
1bs45437cu,,,,,,,100-tmv9MV-005wh-82!-!C1,,
50l21338th,,,,,,,797-h5f1G9-9526x-17!-!A9,,
b1iq76786i,,,,,,,868-ooqU3L-835fo-62!-!CO,,
qoet313998,,,,,,,907-eopX88-997k0-85!-!ZL,,
iw2j4430wy,,,,,,,343-ctfJB6-2203z-45!-!UD,,
6tu28749hv,,,,,,,736-zd9D30-288md-97!-!S9,,
1x160212x1,,,,,,,038-5loKLL-190xk-37!-!MO,,
5cuq3253p7,,,,,,,049-xks4KV-202z0-40!-!NE,,
mia7714921,,,,,,,558-jw5351-884xr-71!-!LY,,
xg8p7032wh,,,,,,,286-sh2QEQ-360ip-72!-!R8,,
w32i7164d8,,,,,,,321-ldfVDX-053f9-16!-!3N,,
wiix4312o8,,,,,,,103-fmfBWG-442gm-66!-!F4,,
tauh3801el,,,,,,,958-ub8MLO-470qr-35!-!LO,,
h0yn91884d,,,,,,,169-fol2G2-160jk-99!-!3K,,
ham57149ox,,,,,,,822-i2oRCJ-1457g-01!-!TE,,
w4t59705h0,,,,,,,556-4eoEWY-985bh-62!-!XK,,
49ji9619te,,,,,,,531-nxb601-5298r-22!-!M2,,
jr5p59185c,,,,,,,698-ogp1FG-7369q-18!-!PQ,,
1vbq0444yd,,,,,,,765-sptQXC-650gf-44!-!JB,,
nosz83322k,,,,,,,347-40l7KM-4672a-72!-!3K,,
kj8e582206,,,,,,,223-h9aXRT-934yp-36!-!RO,,
nqae456317,,,,,,,393-fjwDU0-815p9-40!-!CQ,,
291b5134l6,,,,,,,210-gn3S86-185rn-76!-!5C,,
15rl478491,,,,,,,067-am1BLT-978ol-74!-!4K,,
o33u49727w,,,,,,,081-aasTDQ-373nz-37!-!ZQ,,
sq4p87742j,,,,,,,869-uv67V6-573m8-87!-!XE,,
ml148728lm,,,,,,,448-augPD2-701bz-62!-!1R,,
w0948478ah,,,,,,,318-dq05PU-54993-01!-!JY,,
2dy095908k,,,,,,,720-tbd6PO-946iz-68!-!UG,,
zx5v1141v4,,,,,,,664-4ufQ24-60728-15!-!NK,,
x7gp5438e0,,,,,,,905-au865K-3688z-67!-!QW,,
8syk9604l5,,,,,,,894-7k7HEL-923zw-49!-!TK,,
opht8328l1,,,,,,,985-hytJAI-05485-33!-!KO,,
gt8w1375ai,,,,,,,870-yktQYW-961gu-60!-!KZ,,
mbix406250,,,,,,,578-41vA3L-381m9-25!-!08,,
2nmu3207sc,,,,,,,571-r7jGQI-8135s-32!-!M3,,
wpu001598b,,,,,,,042-u262UP-282ej-47!-!AU,,
xm8i09633v,,,,,,,504-vc7MGP-514s1-05!-!QU,,
migp8143n4,,,,,,,847-431RK7-992ku-17!-!2V,,
e3gm2771ei,,,,,,,084-0okA6W-3673h-80!-!86,,
lpsq3713x4,,,,,,,986-m04OEG-325zo-36!-!FJ,,
lv9g7290at,,,,,,,759-84oV38-940nx-22!-!N7,,
cv3m22871u,,,,,,,232-rom9ZV-743t7-01!-!OM,,
fscv3551hk,,,,,,,032-rzcZJO-81668-93!-!XW,,
dfp95403yx,,,,,,,473-qcj6FA-842wr-55!-!EF,,
5kxf7992zm,,,,,,,174-qwrXRV-752w1-54!-!A5,,
egg77959ez,,,,,,,048-dwtEFF-383vl-33!-!G9,,
7io798996s,,,,,,,194-9emQPC-436l6-74!-!83,,
iqho15316l,,,,,,,599-8u6K74-217vc-92!-!9Z,,
ycuf0640o1,,,,,,,410-iu5MHW-2208s-08!-!XN,,
mjuf4179qv,,,,,,,944-tkh47M-56200-98!-!YH,,
8s857950k8,,,,,,,098-omn2C4-248ug-37!-!MW,,
rhz488839a,,,,,,,986-xe3MBN-076f7-57!-!MY,,
r6oc4163yq,,,,,,,491-vrzANE-759fm-76!-!0D,,
yjmh2996nn,,,,,,,795-qm1BRR-060zq-61!-!AE,,
71fz5528qy,,,,,,,412-9yeAVP-7431g-65!-!AY,,
wwyx81037v,,,,,,,252-bew92E-829k0-34!-!LS,,
10u130052b,,,,,,,577-me4T7O-141te-77!-!HG,,
pw492125lw,,,,,,,222-gxnPKS-65079-94!-!HD,,
js7i1003nk,,,,,,,702-d7oH6O-541ek-62!-!PQ,,
xe4r4227zn,,,,,,,597-xj63E0-576th-83!-!J5,,
8iap9631yq,,,,,,,503-q04IJP-2486c-89!-!Z1,,
gf4c6870p7,,,,,,,903-ntuVQG-840ax-19!-!WA,,
2r018036vw,,,,,,,365-jrvDAW-878bh-07!-!RO,,
8an34280ki,,,,,,,235-o2oQMH-9456m-95!-!SJ,,
8e7m4856ln,,,,,,,795-xzcZI7-8524t-05!-!D4,,
mzwb6369pd,,,,,,,412-5lm9GE-064ls-52!-!V4,,
fakj8949ix,,,,,,,226-2upGDE-623v7-23!-!LI,,
avvc2047xf,,,,,,,561-sv08OU-433so-20!-!P0,,
r05r5742ag,,,,,,,342-n9d22R-7746p-75!-!T7,,
jc6g8149nk,,,,,,,117-0oiSDH-028t9-83!-!GJ,,
ca0l25080e,,,,,,,292-2vvTHO-283iw-89!-!26,,
7wi4067247,,,,,,,639-skmUNC-579sw-93!-!FA,,
2ch0258243,,,,,,,234-3b3F1I-478je-78!-!FJ,,
pzej1354fz,,,,,,,826-clvDN3-840hz-90!-!DO,,
f1ds7392v7,,,,,,,903-76wRWZ-683hh-05!-!TQ,,
ge9x73914b,,,,,,,880-0mfAS9-729mo-62!-!UI,,
0dcp842634,,,,,,,486-zi3CZP-679c0-16!-!N6,,
ytz820483v,,,,,,,995-af37IF-057tj-37!-!N5,,
zysw2547i1,,,,,,,527-3ekKZZ-801xu-30!-!BL,,
1us259820m,,,,,,,398-6chEC9-7266m-07!-!A8,,
dsc20467c1,,,,,,,181-esaMYA-5788l-63!-!D1,,
xqf829148q,,,,,,,939-k36XMY-3634c-17!-!5Y,,
2l188345ww,,,,,,,306-ozs9Q3-7755d-03!-!3Z,,
h0pe0318gv,,,,,,,747-ks48OA-88105-14!-!PB,,
yubr5441va,,,,,,,390-8i7JED-1242r-83!-!DV,,
d71u2268f5,,,,,,,464-zheM5U-316mf-15!-!LD,,
z5ws2011r6,,,,,,,356-jilOIG-993r4-11!-!9R,,
373r03157n,,,,,,,560-t3qYJ9-903b9-44!-!IO,,
4a7v24973u,,,,,,,571-ahv3BH-751c6-19!-!D0,,
y2u96088dw,,,,,,,359-syjDZC-556p8-03!-!XO,,
y6uf0591bf,,,,,,,035-l55H4J-2833g-97!-!NU,,
w9wv8869k7,,,,,,,807-s9j7HU-591ly-22!-!O7,,
ahep094596,,,,,,,829-m8d6XU-332ns-22!-!PN,,
enub8041g8,,,,,,,601-fysWCZ-016tf-89!-!JF,,
2p967882yo,,,,,,,614-baw38F-017fl-45!-!HS,,
0nfs8474fv,,,,,,,654-wg1PCG-312gh-39!-!DX,,
bpgs62952n,,,,,,,878-lf5OFC-055jl-97!-!W8,,
w0si9757d6,,,,,,,072-0q7L4B-773fr-64!-!YP,,
aise403014,,,,,,,690-v9r3GE-458hs-87!-!8L,,
gx6a01491i,,,,,,,371-ogaBVV-1644w-02!-!S0,,
odpv2749g0,,,,,,,077-y2e40F-165k2-50!-!ZC,,
pscb9394oa,,,,,,,675-hrkJQW-8467k-45!-!Z7,,
v5aa5529oo,,,,,,,589-zmoIQG-289yf-66!-!V3,,
pn8l3186pi,,,,,,,042-215RG6-943aa-55!-!FM,,
rw4q3747hd,,,,,,,494-9mcDQJ-754be-87!-!9N,,
pax85946rd,,,,,,,754-yg8PK6-054ar-18!-!44,,
j3az9866w0,,,,,,,818-elp9U4-681db-26!-!YR,,
jg184289ri,,,,,,,654-srqNWD-897bk-91!-!TX,,
ybt550863n,,,,,,,277-6714E0-303np-44!-!WA,,
zocu0364jj,,,,,,,097-bdpR43-391bo-38!-!4O,,
krxh34630w,,,,,,,494-mbe8MK-592q9-17!-!W4,,
nv8d7898hr,,,,,,,717-4vvGZX-5285l-73!-!WC,,
kv238093hz,,,,,,,273-96aBKZ-42059-76!-!IU,,
84a332619d,,,,,,,023-deyCCL-79770-35!-!H4,,
k7rf5309kr,,,,,,,835-enn9VI-685fr-42!-!IJ,,
ij9h38633q,,,,,,,001-0c0F77-479mb-84!-!6G,,
35qg7961f8,,,,,,,578-fknME9-944gf-04!-!EI,,
4gvs1163hc,,,,,,,981-iksOIQ-958ne-73!-!70,,
cpob2782hv,,,,,,,350-0wjQJX-779rs-38!-!AT,,
6lj788608u,,,,,,,614-8a1M6E-174le-80!-!HM,,
ifgv4270fb,,,,,,,171-gzvZV3-332dj-98!-!3R,,
6ioo9615z9,,,,,,,824-3toY9U-473rp-72!-!EQ,,
tzah0118sj,,,,,,,542-i1b5WF-518za-20!-!SF,,
xeck6600tl,,,,,,,786-r4gBPV-898ru-55!-!1D,,
jqip291108,,,,,,,684-pcy7OO-645wq-66!-!9I,,
ld3w9258c6,,,,,,,908-twq5RX-376nf-67!-!3Y,,
kjmh218067,,,,,,,968-0qiCEL-15161-30!-!T2,,
hp441083hm,,,,,,,539-mtdSIJ-41824-84!-!W5,,
xrv97295hs,,,,,,,407-nxe8M1-5121u-16!-!QS,,
kfot053270,,,,,,,999-t5j8BL-7559e-58!-!TN,,
ywg99739s7,,,,,,,977-hazRB7-706ii-74!-!WT,,
cohz3822gj,,,,,,,457-qgf277-750re-64!-!U0,,
c90y7174i7,,,,,,,513-xsw353-857g3-51!-!2F,,
jzhw26837e,,,,,,,433-wud7TM-672n3-17!-!ZJ,,
n5tg17136l,,,,,,,577-zwsAAG-248x9-93!-!LD,,
4hak2446e3,,,,,,,531-3cmYJH-117p4-95!-!61,,
chxn1221fv,,,,,,,678-63yL99-19609-98!-!ST,,
q8so0946x1,,,,,,,689-42z463-71307-23!-!PC,,
vecu2006vt,,,,,,,284-9em3V2-588f3-08!-!V5,,
z4nw6063uf,,,,,,,930-y9tQ8X-3058n-82!-!M0,,
043o7099wg,,,,,,,675-31qC31-066wv-50!-!53,,
7uhb8712w5,,,,,,,748-y6i9IJ-695jw-80!-!CZ,,
n9ej77318k,,,,,,,650-x01P4A-6115z-69!-!4Q,,
0idm9090jc,,,,,,,139-tq7XKX-100tm-09!-!I5,,
1wti08397l,,,,,,,347-j7k048-398ae-68!-!75,,
ytr13103l6,,,,,,,427-wh2MOZ-833dp-84!-!B5,,
c5yy1092ag,,,,,,,710-l4b8I7-012o9-75!-!PN,,
xd8v6114nk,,,,,,,089-6j1LR1-262nw-24!-!E2,,
f73066876q,,,,,,,341-rge9MD-827gm-58!-!TU,,
4wnn2028nc,,,,,,,316-kt5B9U-321fm-86!-!RY,,
hs0n9874o6,,,,,,,909-qg8JBB-5214a-65!-!M4,,
1y4z6613ly,,,,,,,900-8zn439-327jp-07!-!E0,,
0wp70998gp,,,,,,,888-2znKO3-3337k-85!-!I5,,
kyb5187271,,,,,,,246-g6mJWB-18611-85!-!LL,,
yru68281i8,,,,,,,741-0bbBUP-791u8-32!-!H2,,
45912276oz,,,,,,,624-pkoGUO-679ue-71!-!13,,
v4yj9874j5,,,,,,,940-6a2XP1-31083-31!-!FQ,,
00wk6561pi,,,,,,,172-hue0WQ-523y2-33!-!J5,,
opzm5132jt,,,,,,,659-o3sM91-5273u-81!-!5A,,
7nh405011s,,,,,,,772-5c10B4-0333t-83!-!2P,,
81vz7426cf,,,,,,,002-6jfM7V-1237o-82!-!KM,,
khbb2858dh,,,,,,,476-8cf7SY-617gn-75!-!H9,,
n1xy1255a4,,,,,,,381-fkxKVL-504pz-68!-!4T,,
iexn4588vk,,,,,,,551-3y63UL-495ew-39!-!IR,,
3kiq5067nq,,,,,,,142-kd70RO-754eq-17!-!4G,,
mo7d30879b,,,,,,,397-4vnBLQ-6221d-24!-!F1,,
okg72627ac,,,,,,,977-q1lHLH-103di-00!-!XA,,
f6gd2028ie,,,,,,,933-d19HW5-13730-33!-!AS,,
25uu0692xe,,,,,,,297-8s2Q9S-881hs-02!-!P2,,
o28z0715dx,,,,,,,462-1czQ3X-087nr-24!-!ML,,
cnxg6509bf,,,,,,,254-0jlU1A-9457c-62!-!50,,
z9lv10556e,,,,,,,966-aj9467-300ji-67!-!DA,,
320x6121d9,,,,,,,701-vptBVY-152ra-86!-!NQ,,
9l9b1966r5,,,,,,,826-q7y85O-734nk-07!-!PS,,
245v0453j4,,,,,,,761-ll0BCH-088xk-42!-!OJ,,
8uds7419hu,,,,,,,751-pt3JLH-9471v-34!-!97,,
9tyg3161kg,,,,,,,323-5dsULC-338yg-12!-!KC,,
mu5931603h,,,,,,,716-np1Z8L-866ud-30!-!AR,,
fp960279gk,,,,,,,404-6vrVET-4977d-04!-!N3,,
k76f00465t,,,,,,,717-8hvC24-971o7-76!-!0K,,
2m0m3683kd,,,,,,,410-ozoHY4-889t4-59!-!8K,,
ax1e415954,,,,,,,449-3zpIN2-9289g-92!-!3U,,
dodn2832q2,,,,,,,590-boc5ZZ-310si-42!-!3D,,
3qr94313c0,,,,,,,788-cyo7CM-178fa-07!-!BR,,
slpp30256g,,,,,,,886-rd6SCI-330jw-41!-!NQ,,
er8y06425q,,,,,,,116-fg3XSZ-403ib-80!-!OU,,
58ia9875ir,,,,,,,864-4xqBU4-656co-19!-!1V,,
x5fx4047mg,,,,,,,388-dtoKZS-417qc-75!-!TN,,
iqmw26967v,,,,,,,718-2haGFU-782re-01!-!IA,,
lbvm0796o4,,,,,,,038-h8fS5X-501x7-60!-!C7,,
v0xt7234ha,,,,,,,353-qcjZZU-720yd-01!-!QM,,
g3vp3836e1,,,,,,,621-yfePF3-0815a-49!-!ET,,
pa6x1488mr,,,,,,,122-mbyS59-1699g-28!-!8X,,
ffq32481pm,,,,,,,157-dn3XW5-5796r-14!-!8A,,
wjg907627c,,,,,,,815-bed3RN-598w6-72!-!9Y,,
vmrf2674kf,,,,,,,104-05rJ6K-812tt-90!-!JX,,
k1o346848f,,,,,,,075-mn4OT8-040fy-43!-!ZZ,,
zzzc1560kd,,,,,,,718-kilPNQ-694kl-13!-!1Q,,
4dbn5891fi,,,,,,,145-bhy0N0-494sq-67!-!Q4,,
id5y1729z5,,,,,,,116-rfvFKR-668q0-75!-!PA,,
sxpp36626p,,,,,,,498-70jKNR-611e4-97!-!CB,,
niwx3860w2,,,,,,,846-trjUDP-525sz-04!-!9T,,
mxmt43683o,,,,,,,139-b9tYW3-0897x-94!-!X6,,
ivhc2486ez,,,,,,,827-bhzZ5G-312u2-90!-!0E,,
w1fc3436qc,,,,,,,127-tv5OM3-3828q-96!-!3E,,
95e542990r,,,,,,,443-jqvBZY-40544-36!-!7Y,,
fppa4840g2,,,,,,,281-c6dORY-026us-67!-!G6,,
fzej1676e9,,,,,,,094-jqy1PG-81971-96!-!PY,,
pmv751913t,,,,,,,901-pe9579-972nj-59!-!U9,,
bzcf4620sb,,,,,,,759-fsk4JP-0053b-91!-!Q4,,
9mxe30639j,,,,,,,459-bcfWFY-547p1-39!-!H7,,
f2298838ur,,,,,,,765-7utJJY-503g2-97!-!WX,,
mxvn2284qc,,,,,,,893-vrw1XB-363q1-25!-!8R,,
ukcu9758sg,,,,,,,158-93fV48-744f6-63!-!N6,,
4jit69215i,,,,,,,274-4pxGXU-150qq-39!-!NG,,
5jdf2581br,,,,,,,570-rr6CVI-411xc-18!-!4C,,
2b5g2932uf,,,,,,,062-fd4EDP-821fg-20!-!WW,,
cwfy01760c,,,,,,,043-z3lVXD-9392w-89!-!JL,,
lxjv5937jc,,,,,,,914-4loEHO-18982-82!-!CH,,
ux99352485,,,,,,,452-kd7GI0-669br-94!-!L7,,
347x6613mf,,,,,,,511-tayO7J-657mt-70!-!2B,,
cup76311n4,,,,,,,061-ce6MGC-219ht-87!-!U1,,
xwd39507un,,,,,,,581-xxhRW2-4811y-51!-!FC,,
w7u64836l0,,,,,,,309-8b6V48-79547-15!-!6Y,,
slmf6578ok,,,,,,,639-eefUV2-03992-74!-!6P,,
jxzt1156w0,,,,,,,989-jy3HEG-15119-53!-!BT,,
7fhy1826uj,,,,,,,088-eef7SL-349vl-91!-!8C,,
bmxu8706n9,,,,,,,086-tlsYMF-929bn-62!-!TH,,
goxa2746mr,,,,,,,923-4gd8WV-379s3-85!-!UV,,
0xz31302i4,,,,,,,049-ex7UUP-9593a-43!-!XH,,
ntxw7441re,,,,,,,788-hzm5SQ-8812o-95!-!0H,,
ys9d1969p4,,,,,,,562-4wm36A-316o4-21!-!HA,,
fhbo5421iw,,,,,,,398-qzgSEP-401r8-83!-!3G,,
4pa55082al,,,,,,,996-er36T3-367ia-18!-!3F,,
gzmt3896hc,,,,,,,024-mtuAHE-963wd-39!-!TE,,
k6rs0153l5,,,,,,,505-4fi273-103w0-75!-!42,,
sbiu4711gb,,,,,,,071-091C6N-844y4-51!-!PN,,
0acd8531ry,,,,,,,787-78v1KI-151ch-49!-!I9,,
qo964901c3,,,,,,,915-uqz13Z-7064l-98!-!RF,,
z2zw3949zs,,,,,,,490-qwr5JC-896qm-37!-!XJ,,
snjk3472rd,,,,,,,277-2hgYBX-764ys-15!-!H2,,
8lzv7595kt,,,,,,,901-8yj8EP-930r4-76!-!H2,,
77sh94378k,,,,,,,973-47sRWZ-5159t-42!-!X4,,
h89f96137b,,,,,,,484-3pzFFT-26851-23!-!BQ,,
3nnx06026w,,,,,,,510-aty893-19130-89!-!1D,,
5bsq6233co,,,,,,,685-yd779E-7114d-53!-!ZL,,
3bpi8390uw,,,,,,,967-ag8J1P-016i7-07!-!PY,,
b9bn8626uu,,,,,,,245-v221JF-717b7-82!-!RI,,
ncbk8954ii,,,,,,,738-isvE1Q-701m9-59!-!FT,,
hc0e2671fs,,,,,,,597-zbhVNS-253bk-68!-!YN,,
qhl92901zo,,,,,,,515-qe431Q-77461-31!-!EL,,
b2fk6460w9,,,,,,,120-vlkMC7-796yr-27!-!IB,,
655s8193me,,,,,,,873-m58A2Q-160hi-30!-!XP,,
87gg7904n8,,,,,,,217-lhy18K-0870o-22!-!LI,,
l38b5921b4,,,,,,,387-ob4S7C-733s3-38!-!80,,
kq5t1722kk,,,,,,,593-4qpPTI-773ou-33!-!C6,,
9p6c0532vm,,,,,,,492-hpi4ZR-655n1-53!-!6W,,
v2uo039312,,,,,,,619-yzj6OQ-968iz-12!-!FM,,
2w83164218,,,,,,,982-8xeCOY-8480p-16!-!TP,,
i2g27763zf,,,,,,,100-8zgJD3-068d7-95!-!IB,,
lx7n7291f7,,,,,,,812-vuwYFK-2503t-33!-!YG,,
9y2r86977s,,,,,,,137-vr0DG5-7492r-11!-!2H,,
n2pc6386k3,,,,,,,861-vpy19R-398bo-71!-!VY,,
ao6y54948e,,,,,,,948-mrcR8Z-716a0-01!-!DE,,
0e0s9584mh,,,,,,,969-wqi5PE-716od-20!-!1A,,
9p7v2487is,,,,,,,881-4zt1Y6-7837s-37!-!7F,,
i9pp490403,,,,,,,378-l1bIWZ-0474c-04!-!TJ,,
5n896999t0,,,,,,,420-criSR0-822vx-06!-!EA,,
ava02775j7,,,,,,,509-pzu43N-548w9-37!-!W0,,
78y07739g2,,,,,,,725-7h0NKJ-874oo-17!-!MZ,,
i69j83622y,,,,,,,739-bo5TI2-613jr-42!-!UH,,
r9gc5146ln,,,,,,,909-hv9A30-052j7-63!-!L0,,
m0in1890e9,,,,,,,131-cq07NH-152x1-65!-!V1,,
wsir9059vy,,,,,,,935-3y43FR-89045-75!-!WI,,
ocr23485lc,,,,,,,756-hpiFVU-3174n-68!-!7P,,
ale34844sj,,,,,,,866-6wfKQ2-998jh-98!-!BY,,
ppux8489zw,,,,,,,828-q47OC6-527af-49!-!GZ,,
80ua3586xw,,,,,,,697-s73LW6-946ik-80!-!CN,,
q10a4844fz,,,,,,,357-sdiOHO-871c9-15!-!7J,,
f0v28080no,,,,,,,232-3c05LX-767oy-47!-!1E,,
eckn6617r1,,,,,,,473-lzcLYP-363ss-58!-!NO,,
yttf1394f1,,,,,,,858-lr0VSH-019ws-14!-!LO,,
qaev83614j,,,,,,,887-o60DJL-366bc-04!-!HB,,
w70o0604qm,,,,,,,421-7fvQJX-899lg-26!-!W0,,
qfyx2991gq,,,,,,,876-l01ADB-6085w-30!-!VI,,
e0np9145cl,,,,,,,293-frrPG7-65873-80!-!3Q,,
c5kb5045eb,,,,,,,815-wvhYAF-3174w-01!-!AG,,
u7dl1862kw,,,,,,,236-yo1THE-328zj-69!-!RH,,
2g7f4320i5,,,,,,,462-xpqTIX-510of-62!-!JB,,
39u22757sm,,,,,,,579-9ja7EB-055w4-58!-!3A,,
ea1p29934b,,,,,,,011-az3SAI-389a9-33!-!3D,,
5txs06707y,,,,,,,657-hv20RB-598zz-57!-!JL,,
9ioy5841s9,,,,,,,351-9rbG0M-921ua-19!-!U1,,
5jom03598f,,,,,,,141-98eE51-922ec-51!-!VK,,
vg601636is,,,,,,,601-0vbEP2-136nk-50!-!AG,,
91d145967n,,,,,,,740-69n6AM-5965l-56!-!I7,,
tvuo16073f,,,,,,,737-mnpGXP-0778i-71!-!SG,,
aemq1101hi,,,,,,,784-258NFU-089js-92!-!E4,,
d6c50812zg,,,,,,,690-1i6R2N-87474-47!-!Q1,,
pk3x3775qq,,,,,,,653-vyj1NT-771ao-75!-!SL,,
lakz4410j3,,,,,,,396-zddJ3R-235rp-85!-!FM,,
svwr47254f,,,,,,,446-v6qTKS-055q7-12!-!E6,,
am348993ns,,,,,,,380-nd2LCQ-13858-42!-!6K,,
lpee63711t,,,,,,,232-tybADQ-554i0-47!-!BJ,,
k6kc013137,,,,,,,981-fq5RVM-357zq-92!-!YT,,
h9cd3867i6,,,,,,,679-1d0YZV-967er-53!-!2H,,
hear97597v,,,,,,,496-sqg2OO-859h4-07!-!PA,,
b0d38985x1,,,,,,,348-n2oY9S-4551l-91!-!XF,,
xnvq959350,,,,,,,723-ooiG5A-083x0-60!-!KW,,
5j882727l8,,,,,,,149-r5rGS8-319jk-03!-!FP,,
gtab5073pm,,,,,,,859-oxaJEF-150j7-19!-!ZS,,
3oh78205qb,,,,,,,528-4ejOTZ-395rb-66!-!8B,,
efbh3444co,,,,,,,208-w8lPD8-374um-79!-!K1,,
ijik8093xj,,,,,,,065-w0zY4E-110wi-62!-!UW,,
t74t3305qo,,,,,,,082-o4wLXJ-914m7-71!-!EZ,,
4fjk6094m2,,,,,,,820-0m3Q21-1616h-75!-!M6,,
sdfu869046,,,,,,,774-2e9HX2-69346-44!-!4U,,
u3650811hj,,,,,,,549-4kgL5C-0892f-11!-!QK,,
rvyf9831e1,,,,,,,517-dcpI7H-810p6-24!-!UW,,
q04x1494jq,,,,,,,918-lblU7P-042w0-93!-!MZ,,
r6tk7545l3,,,,,,,742-3zr1BV-872bj-67!-!ZH,,
v43x365603,,,,,,,679-3fsZ7C-589c9-57!-!I2,,
5ops8227j8,,,,,,,491-pm2FC7-775vg-26!-!LO,,
rnlu0914y4,,,,,,,188-r73EF8-773mf-50!-!FA,,
em1k5356nl,,,,,,,829-2xsSLN-108jj-33!-!N4,,
qlpd7485d8,,,,,,,954-d0dVE5-63894-70!-!KG,,
39u54252jr,,,,,,,201-468XXC-989ej-60!-!NG,,
xa1x23311g,,,,,,,765-1ir5ZS-777yh-16!-!MF,,
sjhk2816kd,,,,,,,695-9sdWHR-980mg-85!-!IC,,
7r4w9559z5,,,,,,,225-x5yHMU-928of-44!-!0X,,
c93301325u,,,,,,,727-z0yM3U-142tm-15!-!51,,
hfu75007q2,,,,,,,059-ka6E58-7695e-14!-!QL,,
0ccu9780td,,,,,,,230-6sgTBY-274bn-15!-!9T,,
yi3d5356ay,,,,,,,718-97kCOV-280m4-00!-!67,,
okiy9299b3,,,,,,,561-tf5P1N-286tx-79!-!8C,,
60ct192522,,,,,,,374-lrzMW8-0557j-07!-!74,,
6i4e1049e6,,,,,,,310-5xi0ZW-420yz-26!-!MV,,
op0w7137un,,,,,,,271-vq67RS-989rd-67!-!AR,,
p54v2089pa,,,,,,,728-0pxGV7-206h0-96!-!XZ,,
1e9x6704ee,,,,,,,233-0jr6FZ-462y4-55!-!B5,,
mod13716e2,,,,,,,422-ixkUO8-945g1-71!-!GC,,
cihw712590,,,,,,,104-6gr0IV-517kr-51!-!LO,,
t6dl37416x,,,,,,,433-clhMDH-723i0-74!-!Z7,,
wx6n0465if,,,,,,,706-757JWZ-344w9-56!-!GM,,
dc6l9276w2,,,,,,,938-7m066I-794xi-72!-!JE,,
1tq45896d5,,,,,,,198-oytY41-487yr-27!-!RX,,
3abe9718yg,,,,,,,128-f1sBK7-392f0-14!-!7F,,
wyhm7761al,,,,,,,316-jjsBTA-650jt-73!-!S9,,
mx4704497b,,,,,,,274-dj0D7W-084gx-62!-!N7,,
6a0r1488ic,,,,,,,166-4meHVE-526ba-04!-!OR,,
qq8v5046g7,,,,,,,748-9o325Y-473hl-38!-!JF,,
sttw8290cx,,,,,,,128-eduN2B-052hv-19!-!QG,,
ibso3688a3,,,,,,,875-sb4XZB-990kl-17!-!75,,
z09w45007b,,,,,,,310-re9N4R-611p0-52!-!3A,,
lcdk4250wm,,,,,,,094-tj6USU-933jb-85!-!NG,,
xgp74386uw,,,,,,,401-b0l7U6-509jl-52!-!1Q,,
79id2092rp,,,,,,,263-6fiAKK-977nk-29!-!C1,,
v6d066727s,,,,,,,689-wngG9U-490h3-14!-!ZX,,
4w8w7563xt,,,,,,,131-shiOI6-7530h-12!-!H3,,
z52h7419ls,,,,,,,014-uclPIU-943rq-07!-!OW,,
ad225336qn,,,,,,,743-hzkHY2-9374x-73!-!GM,,
2bgu16738q,,,,,,,731-s9kKHP-51715-45!-!QW,,
hi020329jf,,,,,,,263-yi2C3W-913q7-19!-!4F,,
dhie5523r3,,,,,,,667-eblGB9-800z8-46!-!LR,,
5w0q72000v,,,,,,,835-k922U3-0138x-06!-!N3,,
jkxz8008f2,,,,,,,373-0988Z3-428pf-21!-!P0,,
rpyi17745j,,,,,,,553-w2v8ZB-8971f-68!-!55,,
gyyq1374y9,,,,,,,705-uby2OT-764is-33!-!SA,,
pbmf8822fc,,,,,,,236-6iaG13-706fw-02!-!L8,,
qzyd3696zp,,,,,,,512-gbjEWF-870ul-19!-!IW,,
832r11417q,,,,,,,227-sqnM1F-6174y-80!-!J7,,
ohbk2648yu,,,,,,,132-yon30A-461u6-08!-!AC,,
01su1046k0,,,,,,,272-c29MW5-38545-13!-!6D,,
w3mj1526q5,,,,,,,717-tuxWF5-936x2-56!-!CN,,
sx1s5658f9,,,,,,,579-qitB2H-0236o-51!-!UL,,
emr708093z,,,,,,,993-ghmICU-827ei-18!-!4W,,
wid77693w7,,,,,,,001-81k1U7-378py-60!-!5F,,
dya550693x,,,,,,,799-c3iNDK-0229d-84!-!PW,,
rj1o0374hj,,,,,,,375-jwbVYJ-585tn-97!-!X9,,
jemu9766zx,,,,,,,871-3pyAON-647p9-14!-!SE,,
7dtt7079e2,,,,,,,104-vhoWWY-207aw-45!-!E7,,
aheg6032mp,,,,,,,030-6340G2-381ph-63!-!Z8,,
47l74375zi,,,,,,,209-vk9B7K-9304p-32!-!UK,,
gwig99698l,,,,,,,843-4qlSUV-744hl-79!-!1P,,
tp8v113957,,,,,,,206-jqhOGG-7779b-41!-!1D,,
mb9o41897v,,,,,,,019-o2j0X5-502oc-15!-!OI,,
jbji025641,,,,,,,841-45tYUH-557hv-68!-!AY,,
xjvm8488bm,,,,,,,616-zwkH61-8098n-92!-!XJ,,
j9qa11233f,,,,,,,060-cxa7JL-809wn-25!-!QW,,
1o8n846149,,,,,,,510-etrXS3-164rh-60!-!5Q,,
ix67641495,,,,,,,248-b0cXX6-1780y-88!-!Q9,,
20xf81889p,,,,,,,571-vp6VUC-0994f-68!-!IQ,,
6suk0448k2,,,,,,,276-2zbE09-418tn-10!-!YD,,
1tf77284ob,,,,,,,542-e87P02-4961l-28!-!AD,,
0p2e7706k6,,,,,,,129-kr139Z-292ei-97!-!AN,,
2jhr766840,,,,,,,666-ie139H-666y2-30!-!L8,,
1fc85735wy,,,,,,,853-0jn3RE-8759q-91!-!ZE,,
4loj34891r,,,,,,,481-w9yDSF-361yl-71!-!60,,
b1vb3058u7,,,,,,,339-gxkALV-1296v-34!-!Y6,,
nsw910795d,,,,,,,022-gatXML-935o1-32!-!0L,,
h3gw090411,,,,,,,263-mn2BA5-7823y-22!-!PY,,
qo1e31684b,,,,,,,119-x84607-4908a-11!-!X3,,
1iwy0988uw,,,,,,,635-g4tZA5-632eo-27!-!Z6,,
nqzk751597,,,,,,,238-hz2QHQ-5279h-98!-!UJ,,
lf3h1841aw,,,,,,,483-8dm3MB-061w4-59!-!MS,,
qzwg6756zu,,,,,,,923-180NXU-086k4-23!-!RD,,
wfyz8216gi,,,,,,,763-nylOKT-1563b-67!-!BP,,
z8e60130m8,,,,,,,735-edzL1Y-422it-86!-!DZ,,
ih7i69825a,,,,,,,229-kdvFEF-044ej-88!-!EJ,,
lxwz3314tf,,,,,,,707-jc72XH-309ba-47!-!GX,,
48k23490xc,,,,,,,134-fbkHLK-753xk-85!-!YW,,
gbca1267um,,,,,,,708-5om3UL-9091z-99!-!0H,,
wyoj4305vj,,,,,,,710-fam8G9-762z6-17!-!Y7,,
p0e6532300,,,,,,,226-afi9VG-766h6-00!-!99,,
3ch15716j9,,,,,,,077-qmj4AZ-302dy-66!-!J8,,
e7wo1926mw,,,,,,,597-lokDMX-4096y-14!-!4G,,
cswc2379u4,,,,,,,726-mdxXN5-819t1-70!-!B1,,
60rn6026w2,,,,,,,890-9qm71H-052ce-63!-!NX,,
139x6762e7,,,,,,,915-3ftQEO-458wu-19!-!PM,,
qkq37303ir,,,,,,,187-wnk7ZW-8626r-80!-!DE,,
96zp0136pw,,,,,,,808-rqcIOF-5687c-03!-!JR,,
r70c1864qf,,,,,,,417-zqz8QM-203ik-43!-!I8,,
asv74675gv,,,,,,,363-o2kNM0-5795r-02!-!24,,
zg097501e3,,,,,,,244-4d0031-638e8-74!-!HB,,
3qtd9918yo,,,,,,,063-diwNOE-705hx-52!-!WL,,
36hu6765a8,,,,,,,540-o9rYLM-746jo-82!-!6P,,
nn5o2392bd,,,,,,,708-ue9R3R-660w9-08!-!4T,,
oi9y486841,,,,,,,921-1uv0Y0-379uz-23!-!NG,,
hqvw5472er,,,,,,,246-hzw2VC-827iq-10!-!GG,,
6bi59797jk,,,,,,,162-yh80YW-3052t-83!-!RB,,
x6tq7415b6,,,,,,,075-xbiCU5-02614-90!-!2K,,
ytpq6967gc,,,,,,,836-fo13C9-003l7-61!-!AG,,
aeq887641w,,,,,,,712-lghUY8-643e2-16!-!RX,,
hg4n3752hn,,,,,,,784-sld4WA-3122u-52!-!J5,,
r29k6192f5,,,,,,,350-86zC3C-213v2-93!-!7Y,,
g5zx7146dj,,,,,,,272-51lGIP-21976-29!-!FZ,,
sj0x024981,,,,,,,062-tyxZMH-312p2-79!-!MS,,
pp9d1963zw,,,,,,,968-1ya233-107ex-43!-!35,,
46cw1958e9,,,,,,,772-3l84SP-9166s-28!-!A3,,
ehz80467hq,,,,,,,952-r5h6TP-008ew-82!-!UF,,
da758559f9,,,,,,,575-f8eMJO-944y9-78!-!6I,,
yz462731c5,,,,,,,140-sjm4GK-955oi-90!-!2S,,
v2tq0600w0,,,,,,,158-i3zU6E-8255b-25!-!4I,,
ojv542824e,,,,,,,069-ctcEHE-398al-41!-!76,,
vfwi1287wd,,,,,,,734-4oo2P8-021yi-28!-!UM,,
tr4d6202ef,,,,,,,679-gw1MB7-027yp-25!-!22,,
lp9e56542m,,,,,,,673-muuFMP-755kp-48!-!J5,,
j8tz0613u9,,,,,,,258-5ru8ZA-8599z-88!-!GR,,
jmn00879pd,,,,,,,912-9in2F1-4886q-86!-!VJ,,
4rp61915dw,,,,,,,509-y4x1OD-929xz-98!-!AE,,
7rcn3317w7,,,,,,,471-vfhMJB-563xn-45!-!H8,,
g20y1263nx,,,,,,,104-emyHGK-598cb-79!-!WO,,
h8vh5899q3,,,,,,,113-cb465Z-300aq-53!-!J1,,
jru77148gv,,,,,,,341-b718O1-5968u-04!-!SK,,
pff628570y,,,,,,,598-vb06W2-276g0-54!-!YP,,
cq0a895173,,,,,,,037-70wGLB-6896s-93!-!2O,,
g5908356cv,,,,,,,473-ki4QPK-389l6-23!-!QM,,
u5zm80106p,,,,,,,243-vlf1N6-550sh-74!-!A7,,
ghtm5341qi,,,,,,,961-u7hM3A-631yk-51!-!TQ,,
peb50095yk,,,,,,,752-zgsDN5-767g5-53!-!30,,
gwwb42837m,,,,,,,671-rxd8KL-477mm-49!-!GK,,
8xjq9656fr,,,,,,,172-n571P4-652yx-51!-!I2,,
ye1695215o,,,,,,,394-zd0M3E-550t5-67!-!P2,,
73q96883i2,,,,,,,947-0tdQCM-371y7-82!-!BU,,
6ytz6794pd,,,,,,,784-6udXGH-457fk-69!-!U9,,
dote9284ok,,,,,,,702-kfy70S-0240h-22!-!84,,
6j5z8190o7,,,,,,,712-i935HZ-310bj-45!-!I1,,
szdf5473ok,,,,,,,306-02wVMN-006bt-79!-!OL,,
ace09320r1,,,,,,,880-sivF85-5534d-46!-!Q4,,
isqu8123lo,,,,,,,973-lg1742-58691-90!-!9Y,,
y2gt40963u,,,,,,,708-kvdD2A-0037u-03!-!CL,,
c7r58878ob,,,,,,,592-ao79FL-318lt-41!-!88,,
coro7070rg,,,,,,,709-4zg8SK-017fl-77!-!YT,,
xmhj0201na,,,,,,,885-0r4ZUM-416g2-98!-!Q2,,
qakq9021f4,,,,,,,065-55eWMS-139x7-20!-!UQ,,
9z722725sq,,,,,,,996-q3sLYV-8472i-17!-!EG,,
24jy7949jm,,,,,,,106-q2jYDI-8428y-63!-!R3,,
t26b93497o,,,,,,,329-ncsD42-633o3-17!-!PO,,
c01d6331y9,,,,,,,184-2z9UCE-05252-11!-!LZ,,
qarl9065wx,,,,,,,461-6uo9YF-794xy-31!-!1Z,,
fk5s930644,,,,,,,817-myp3J8-438t3-60!-!98,,
85bo45560w,,,,,,,659-oxo79A-2478w-21!-!TB,,
pi5a5241gs,,,,,,,405-gpe6O1-544rh-91!-!K6,,
nnzw0062ra,,,,,,,509-1ohHY3-707qk-02!-!HW,,
ujla7588oz,,,,,,,155-9jrGLK-255gj-43!-!PB,,
7b0b75662c,,,,,,,993-lfe9LE-270lh-02!-!O2,,
odnd2276uu,,,,,,,730-srsGF1-0398m-93!-!XH,,
twnd7661o3,,,,,,,681-c0gB7C-532ns-27!-!RC,,
gx9z8264xp,,,,,,,527-8l5YU2-102eg-02!-!9A,,
zmp95482tf,,,,,,,349-hwbY4I-246au-21!-!V5,,
7wiv6132vk,,,,,,,030-z8aAC1-797lu-01!-!TY,,
5ndw5796qe,,,,,,,243-k8kSHZ-81183-57!-!E1,,
kki90375ub,,,,,,,192-o0vY2P-839eb-48!-!7X,,
wdow1938jk,,,,,,,464-hlwQ0E-773rr-20!-!B4,,
3jrx7877tm,,,,,,,617-zej8RS-5062g-88!-!T7,,
m93t3597xz,,,,,,,789-o4mWAI-478us-24!-!WN,,
6e55076005,,,,,,,314-m136Z7-533bg-20!-!G2,,
zb8z9979l2,,,,,,,401-ph5KGF-747eb-29!-!6L,,
e35a2190ew,,,,,,,331-10n4RB-612yy-36!-!DS,,
zzit0000nf,,,,,,,194-8kn5SP-575xm-91!-!KV,,
7jg626513m,,,,,,,238-c31O46-3990h-15!-!VG,,
4xup5424mp,,,,,,,200-glk73B-920ok-02!-!EO,,
s6iv5513ak,,,,,,,437-zqoSKQ-112l7-69!-!YR,,
krwy2964wb,,,,,,,912-l9tR9A-21027-57!-!UF,,
d90b315406,,,,,,,482-u1mL41-625yp-36!-!71,,
vesv7659j9,,,,,,,411-otvW9P-751zi-41!-!OQ,,
nv3c2223y2,,,,,,,019-uzlNYD-776xx-68!-!TD,,
c1u62779go,,,,,,,877-ewmXAN-292t0-81!-!H6,,
8chd3513oc,,,,,,,175-fapKV2-328ig-25!-!RV,,
10nu6459dl,,,,,,,238-ix787F-068nu-23!-!3L,,
2i2k1854xk,,,,,,,712-3p1Z8Q-8631m-28!-!UJ,,
fufa00311h,,,,,,,561-tb64BC-6201s-52!-!SM,,
fo8p4812vu,,,,,,,947-ulkHQ1-923wy-81!-!FQ,,
zk9k5904en,,,,,,,032-athD17-909ek-19!-!3S,,
hih726894m,,,,,,,233-kv48B3-706lb-58!-!34,,
ga0v0005yu,,,,,,,913-gzyOZK-073jl-50!-!T3,,
qiak3000lx,,,,,,,190-2h3DLE-397mj-21!-!D7,,
bnma126777,,,,,,,157-npnK3L-066q7-81!-!6Z,,
3iec5648wv,,,,,,,428-6nsXGZ-14596-43!-!PD,,
dlb975458m,,,,,,,109-iutL3O-644xp-68!-!XE,,
kpvb00452v,,,,,,,846-ju16UZ-940fk-71!-!24,,
ugo40038vr,,,,,,,971-k7zTD3-488uz-49!-!DU,,
9dw79426y6,,,,,,,339-sen9RZ-6238z-69!-!02,,
zmra60772x,,,,,,,404-ehvKKF-882u6-60!-!11,,
3mex14705z,,,,,,,678-5n04GH-90932-58!-!OM,,
0ltb0597xq,,,,,,,234-znrX98-6477f-77!-!FR,,
m71z3046tj,,,,,,,555-3ggIY4-701t3-20!-!IZ,,
2uyj7940yr,,,,,,,458-wmc8Y3-51901-20!-!FH,,
qsrm2057tv,,,,,,,342-e2jNV1-529oo-60!-!I5,,
c8yn94355m,,,,,,,506-2js21B-365wo-73!-!IY,,
k7pe56130u,,,,,,,244-yqc9XT-034j8-20!-!MG,,
kf6j2262g7,,,,,,,875-zwsJ0T-931zz-67!-!FE,,
nuud7212uu,,,,,,,389-n20SDS-169p4-60!-!9A,,
kfm634826p,,,,,,,088-3h3JEH-779u2-78!-!QC,,
i2im6172u4,,,,,,,786-j678EH-354fp-44!-!87,,
a5f73600wb,,,,,,,574-fm81T8-163v2-89!-!X8,,
v3ar7386xj,,,,,,,349-t5eHQ7-607n0-36!-!X7,,
dpm45068vt,,,,,,,645-dkxP6A-895qe-58!-!FD,,
cpri67389h,,,,,,,994-lbjDE3-180ad-94!-!EQ,,
ouu07097jq,,,,,,,842-f6d8OM-7540g-52!-!DI,,
7gdm6947yk,,,,,,,410-39bAWY-781iy-39!-!DG,,
ig0a8564ac,,,,,,,053-rl6FBR-218s2-62!-!MP,,
mzd70835pv,,,,,,,430-h1hEOF-2424a-57!-!SM,,
r3gr1002d7,,,,,,,588-dicFJG-885iq-81!-!HM,,
ceyb5271m6,,,,,,,226-2ukLPD-855b1-57!-!FU,,
s6b33785tt,,,,,,,370-wmxH6V-769ei-75!-!H6,,
7cbx5266lu,,,,,,,218-pnqFE2-0124v-32!-!N9,,
3o1f6763vv,,,,,,,561-tn3LIS-930um-57!-!ZN,,
86vs1570wj,,,,,,,682-shwGTN-3460b-10!-!JY,,
ou6n3201bt,,,,,,,415-wsxZSZ-896us-26!-!OF,,
6as98982xt,,,,,,,529-v91VFB-126o6-43!-!G6,,
49ca1271ec,,,,,,,078-iva0WB-816v2-83!-!W2,,
py0s196204,,,,,,,127-fwdSOU-301sf-54!-!8V,,
6z5l0348k6,,,,,,,341-im71O7-949gx-58!-!86,,
jn5t4174nl,,,,,,,461-zahOLO-509nz-68!-!H2,,
