name,lastName,id,address,phoneNumber,observations
Eirena,Bartoleyn,pkba0307,63590 Warrior Circle,114-731-6364,825-ngwPBN-385i1-16!-!JJ
Ricard,Moubray,xtlf2404,792 Holmberg Avenue,465-387-5547,346-qjxTMO-7668z-85!-!QB
Ninnetta,Dank,vhxh0575,405 Almo Alley,543-433-3485,000-atoV4U-4720f-57!-!LN
Murray,Goalley,y82v2345,460 Mifflin Drive,437-962-7273,513-kkxIE7-182aa-52!-!IA
Sayers,Sunock,khgy9448,2 Hayes Trail,210-999-4979,590-uuhI79-205dy-84!-!B4
Demetris,Baudou,09k49870,7 Ohio Avenue,829-370-6726,981-96o3GV-903ar-63!-!BC
Coraline,Giorgielli,xk8m4430,0 Raven Court,906-178-8989,823-21eNOW-7128y-57!-!8C
Waneta,McGrouther,3sql8936,3561 Bluejay Hill,808-445-7790,218-30lB83-7878o-13!-!UX
Bartholomeus,Dudding,c25r5102,1 John Wall Drive,534-287-8009,951-lc0R39-484e2-22!-!ZK
Lorena,Dooland,9ea44927,1266 Dorton Pass,230-387-1113,020-eco9VU-4608y-70!-!YD
Ermentrude,Daud,42nc5047,58 Melvin Avenue,308-399-3818,460-5hlYF1-61311-90!-!6H
Erena,Patise,46qp6347,9941 Farragut Lane,105-719-4794,239-tzcE5H-379qj-03!-!31
Cassy,Devericks,hen61323,588 Loeprich Drive,570-825-9248,679-iwxG4P-983pl-75!-!86
Bertie,Worral,tow69333,89 Almo Way,930-709-8236,350-3sdGSK-9912j-83!-!0V
Ellsworth,Elnaugh,yq1i9200,68 Sunnyside Road,509-142-8811,081-wr3H1S-776vx-91!-!MX
Paula,Harrowing,814q5782,71174 Crescent Oaks Parkway,570-704-7033,206-x2bS4N-6564n-35!-!UP
Honor,Pavlov,ehws6767,0688 Moland Road,500-299-2487,412-kxhHY7-797eq-54!-!IA
Elsa,Lightwing,fggy7670,08417 Grim Road,986-314-5760,517-jxjBHK-334z9-83!-!7E
Kylie,Rappaport,l0tv6644,45 Eliot Hill,149-301-9851,811-u7uTOW-458tb-85!-!1F
Victor,Riccetti,nc968779,68137 American Alley,735-121-2973,108-rt6CLG-933un-86!-!8V
Doralin,Pool,cv5u8380,993 Lotheville Hill,548-352-5924,633-rwiYLT-708xy-72!-!GF
Marcy,Wimlet,hboo8481,44 Golf Court,540-525-1914,464-cheCZ4-9295d-59!-!MP
Crichton,Binyon,70l01381,98 Green Ridge Crossing,645-725-6296,210-h9lM3X-242ov-62!-!QK
Chester,Jumonet,929g4629,6 Northland Pass,721-404-5263,792-dunNNF-955ot-00!-!0R
Ashely,Mebes,1cod9773,965 Granby Street,503-853-4012,073-bt6W2L-452lp-42!-!VL
Harlene,Yaxley,kr8x2884,04227 Fieldstone Drive,613-715-9709,110-talD0O-409un-93!-!UQ
Connor,Doyley,iy7r5578,57742 Fremont Street,807-796-7801,704-9nhTWQ-274as-79!-!76
Dimitri,Carruth,vfqh2020,73 Stephen Trail,364-126-6025,901-vtuDFX-771r5-27!-!OI
Hymie,Acklands,pc544074,3 Maywood Park,240-571-3391,420-aczG99-649y1-50!-!40
Kori,Peto,xweo6166,41210 Pine View Lane,421-777-9641,268-gqwVAV-36512-54!-!OK
Zoe,Isgar,ix189360,831 Meadow Ridge Court,342-789-8814,318-t69JHG-350gy-73!-!A7
Freddy,Peacey,k7l04436,71 Fremont Center,762-413-6194,668-ell9RG-199to-67!-!UT
Chilton,ffrench Beytagh,o08i6663,59 Derek Alley,251-233-2123,814-wy45DK-2820a-74!-!KX
Warren,Widmoor,xt901416,89840 Ryan Hill,837-247-1354,303-2l0P18-862ve-39!-!1R
Germain,Fleischer,r1v48934,1870 Kedzie Drive,702-478-8801,758-n2y8OZ-7636f-22!-!6V
Mozelle,Isworth,6dzs9202,047 Shasta Alley,272-371-3674,695-e0dMG0-635sz-02!-!8K
Aileen,Vlasyuk,o1hr1700,047 Upham Pass,545-835-5020,587-szmF11-460ki-66!-!RZ
Ezri,Tolland,qk1a7872,5 Macpherson Alley,969-235-0728,325-faqCWO-770cv-68!-!ZG
Zara,Fellows,pdfc0795,882 Truax Road,452-911-5839,129-oaoZEM-0298e-87!-!XM
Dena,Edowes,w8jr5870,96 Marquette Pass,664-981-0879,060-q95MX8-293fu-72!-!IX
Roi,McKellar,pywt2614,2 Riverside Lane,338-559-1656,152-24tLME-406ek-28!-!GO
Tarah,Goodsir,ro0q0276,9896 Fairfield Crossing,463-838-3361,877-g8pUWU-080xo-65!-!JM
Gardie,Blades,uoo18340,383 Transport Court,300-357-6483,734-kjd9ER-5238f-57!-!HL
Nathanael,Terram,6wnj7565,4430 Annamark Crossing,417-552-5591,804-kigK1J-836f6-03!-!67
Kimberli,Mosson,86x09258,863 Valley Edge Pass,662-296-6368,145-20x2R9-2784p-28!-!V7
Valli,Dearsley,c0w48054,709 Crownhardt Plaza,327-937-4506,766-j0pQBH-610s2-31!-!G2
Leanora,Houlden,ev6m5058,5553 Westridge Place,903-983-0847,942-0psI4W-9020z-74!-!BD
Maressa,Methven,tuge3239,67 Basil Trail,713-646-4209,475-abcAE0-080zl-04!-!1E
Leonid,Spraggon,62ei5350,864 Farmco Road,940-591-3127,755-mz3Z08-78550-52!-!5T
Ermin,Franzen,t7sp3596,8 Harper Way,530-342-7344,735-7k9ALI-6768d-40!-!RZ
Barr,La Batie,74yi9993,4562 Amoth Avenue,333-191-9126,605-0kdZMF-452j6-69!-!5Z
Jaclin,Leaming,t4vg9600,67232 Commercial Avenue,193-298-1885,712-08y1JW-7761a-91!-!P1
Buckie,Brosch,347g1870,28 Arrowood Lane,216-130-9851,133-zwiTP8-972b8-93!-!KI
Matilde,Budgett,f7wl7493,26353 Mayfield Lane,627-471-6871,007-gh2RMN-400db-44!-!6C
Odey,Chomiszewski,iisy7383,13218 Lakewood Terrace,966-766-5077,808-acpIDX-0656s-27!-!PP
Noni,Sandwick,g1sa2389,7366 Jackson Alley,242-379-5482,875-c0bNN5-057z1-76!-!65
Jasmin,Hauch,ipfd7293,06 Northview Hill,367-229-4960,196-aowOIQ-7184n-92!-!9P
Brittni,Di Nisco,cfv82279,3116 Manufacturers Center,530-526-1950,620-isoK2T-505dm-39!-!PW
Alyosha,Jennemann,5wh83847,6203 Pleasure Place,380-505-5142,269-uhkH0R-901f5-18!-!7R
Annemarie,Jaquest,udo54482,1337 Gateway Parkway,811-462-8197,488-kn67BC-328f4-29!-!98
Kalli,Tomet,u76j7805,13 Porter Drive,594-711-9976,842-kyjG62-082xo-86!-!97
Leigh,Friend,udfu6900,1 Mariners Cove Road,771-943-3762,268-g438Y5-155gh-44!-!PD
Lucila,Iannello,gzwr5110,69766 Canary Terrace,287-693-2240,614-5gs2L8-2947r-09!-!AE
Tanya,Shitliffe,pwwu4412,87210 Washington Crossing,181-138-6391,658-p4sAXS-982lp-34!-!RJ
Walton,Wing,sko72748,6516 Karstens Lane,896-585-6379,891-ghqVOD-238im-36!-!RZ
Sharity,Weinmann,zuzn8400,366 Rockefeller Way,344-331-9910,524-tnbRN4-101fd-10!-!ZG
Mavis,Sambedge,3e9c6591,05370 Mendota Court,533-494-5486,585-q3hOC5-075px-93!-!5P
Fionna,Blaxter,cfbj2032,37 Dexter Junction,374-417-8540,885-rzqS15-291nn-98!-!6C
Tod,Pickworth,e9tj0626,86569 Bartelt Way,480-617-8274,150-jim3W6-398xt-95!-!PT
Samara,Brayshay,ezyp7785,1810 Forster Street,858-985-3200,207-8he8UM-228jx-59!-!U4
Win,Skillanders,ufmq3338,0677 Birchwood Point,326-935-0755,091-blb10Y-952in-25!-!NJ
Jaynell,Slad,llto0724,04 Village Place,979-550-4726,741-pydVNL-724l6-59!-!UO
Fallon,Trevino,13j35157,859 Bultman Trail,641-937-0025,082-92s6ZI-639rs-60!-!EZ
Lilas,Witcher,c1je7878,04 Corben Center,895-169-9540,145-8m9GB9-573lb-05!-!UF
Welsh,Vinten,64p94048,6413 Linden Terrace,990-403-9267,740-bii5MZ-491ie-87!-!JW
Dyanna,Egginson,m8r16011,545 Schlimgen Avenue,719-174-6258,182-7ud8M7-4127x-38!-!1U
Chadd,Switzer,98s21614,58 Blue Bill Park Lane,971-102-0350,603-cov05U-79421-25!-!UV
Richmond,Finn,dzgz0058,09 Haas Lane,679-596-4135,533-n3sKIJ-8745s-72!-!U9
Bennie,Arent,4szv6748,6240 North Alley,801-743-1290,913-1jkA66-000g1-24!-!VV
Latrina,Eller,qls69898,206 Independence Drive,220-128-3354,988-3uj1FG-811bl-77!-!SP
Lorenzo,Petrulis,06kd4538,8 Ridgeview Junction,595-999-2350,021-zumV13-6679k-60!-!MW
Kerby,Reisen,lkwh4085,95 Tony Avenue,531-837-1757,195-x9tDTG-493wg-66!-!2H
Neville,Farnorth,m4kl8440,7683 Mallard Street,253-554-1750,000-po41IO-41561-87!-!NQ
Lisbeth,Hallatt,shi37206,7 Melvin Pass,304-726-8431,684-u1bJTQ-752kd-64!-!PR
Amy,Bidgood,kwgw1244,956 Village Green Street,968-614-2034,526-v1i03S-791ud-56!-!MK
Chuck,Kobke,rviw7778,3 Banding Parkway,263-389-3812,925-qkxQ28-362jj-29!-!74
Melinde,Heinonen,l6857553,14 Nova Plaza,864-272-0452,241-z8mSGN-873cg-61!-!88
Danika,Annets,glik1649,93 Manley Parkway,269-612-4374,206-y1nMQQ-9386s-01!-!2I
Emilia,Crathorne,dn0h7461,00 Blaine Parkway,634-737-7126,231-1sh99A-972uc-76!-!IM
Abbie,Saurat,ib635711,77 Victoria Plaza,470-913-3714,130-mpbZC5-3084r-11!-!MP
Halette,Calcutt,puqj9890,8 Norway Maple Point,730-607-8546,212-pioL63-221p4-26!-!IY
Broderick,Duggan,2b8z1304,27882 Lakeland Alley,985-183-0805,293-a41XKW-706o9-05!-!7P
Godfry,Hardingham,bl0t4367,5614 Dennis Trail,275-683-3389,246-49r8CL-6515t-20!-!74
Mack,Betjeman,1c4g4082,97 Armistice Crossing,887-196-4241,581-eqhYS8-369rn-17!-!04
Korry,Dawby,pza91189,25270 Sutteridge Plaza,961-874-8137,607-hchNOJ-162ac-17!-!JB
Suzann,Weatherhill,mweq4706,00 Basil Plaza,547-545-7394,238-ztaIXP-526yu-56!-!9X
Germana,Mewis,p1s66541,15 Rutledge Alley,419-703-4689,483-vic40Z-400o4-07!-!0K
Peyton,Milmo,7se94741,60 Anzinger Road,755-956-4970,923-9i2J2S-6638b-93!-!LD
Yves,Clorley,s61t6135,00064 Debra Point,533-506-6343,902-s98Q97-853e1-81!-!ZB
Carine,Barthrup,bx5d3919,1279 Erie Plaza,664-983-0085,734-1zm8GU-359s3-96!-!I3
Ethelyn,Guly,xrpd7994,4167 Brickson Park Park,924-594-6857,211-8rqGEK-622jj-54!-!WC
Robenia,Rubinsohn,l2l96979,4 Longview Terrace,210-640-7417,138-sc99VH-324fb-77!-!YV
Franciskus,Bould,jcif9915,768 Di Loreto Place,926-794-3821,450-d5hQCB-881b9-25!-!TM
Timmy,Aingell,s9yg9243,17239 Forest Dale Park,958-436-5816,733-gf7GRZ-6419n-65!-!DP
Jermaine,Tookey,mcj39336,29 Dakota Parkway,776-913-9314,165-vjvIFC-660nm-21!-!88
Bridgette,Odde,6y0v9015,271 Oriole Pass,572-106-2437,882-n6gTSU-774y4-02!-!N0
Korry,Womersley,q6ya0952,39 Golf Course Road,863-536-3001,897-ss1C2C-3722e-89!-!V5
Kandy,Bullin,9ezk6619,971 Lighthouse Bay Park,929-651-4816,895-sjy7ZC-2437b-25!-!2B
Lidia,Cotsford,u60o2641,178 Graceland Trail,821-991-9327,785-tma4IR-8311l-47!-!WR
Roz,Borles,4ue95688,4 Holmberg Point,612-543-6025,353-n39PPJ-920ce-14!-!KR
Thedrick,Massel,11gv7127,4 Shopko Street,152-364-5256,125-brgATX-949of-74!-!MF
Marcella,Ingles,8fv30204,12635 Arizona Lane,164-435-3863,951-9f59FC-5465o-01!-!8B
Skelly,Myring,yeuo2875,5 Menomonie Parkway,221-844-3265,718-vcaOAG-683jt-57!-!QS
Garvin,Adney,62n02605,53812 Ludington Point,489-668-3960,852-eqb5PH-679i0-58!-!9O
Joshia,Newton,3t3m1477,48539 2nd Road,895-474-2132,980-t051BL-512fv-86!-!ZN
Carny,Cheshir,4wea2413,8021 Armistice Avenue,747-109-6185,490-bj5M5U-30727-86!-!LK
Killie,Nobriga,9hm60457,0947 Blue Bill Park Hill,466-989-1905,054-v1qS9H-056u5-88!-!AY
Jammal,Averill,uwm70936,76289 Westport Court,883-175-8982,443-rlwK6W-068l0-87!-!KK
Katusha,Cockroft,sr4u7616,94206 Loomis Way,699-970-9033,902-epnMKW-000b0-09!-!SW
Gerianna,Dabourne,liqz3984,3 Dahle Pass,164-980-1225,745-9fb6HQ-880tn-81!-!TU
Nikolia,Nettle,agf28380,67776 East Center,844-142-0682,391-27eI3Y-814iz-84!-!K3
Lynne,Heaseman,fn5m2209,43 Carpenter Road,776-607-0950,438-iqlHYY-785gz-29!-!PE
Melvin,Onslow,pegx6429,77 Red Cloud Drive,118-687-2377,161-iudY9X-607il-81!-!SZ
Kaye,Greggor,vbvv8448,0 Cardinal Circle,621-439-7242,052-6dbODN-2550a-23!-!9Q
Miguelita,Karp,76uc1650,6 Springs Street,202-482-5707,121-bf6EC3-72826-61!-!OP
Joletta,Curnick,1nhg3080,3596 Kedzie Alley,606-395-0861,608-6i22FY-0897z-52!-!ZI
Eran,Baroche,mvme4275,005 Gerald Road,876-868-9612,048-36lFNS-8391s-28!-!3J
Rena,Snozzwell,q87p0177,947 Golden Leaf Court,636-460-9487,833-b8s503-939pf-81!-!63
Kelsey,Linnit,1qut5905,235 Shelley Center,364-668-4983,944-ky1273-290ki-50!-!IW
Ade,Feacham,smx98380,70 Blue Bill Park Road,296-914-4876,998-nsh6EK-279v4-29!-!PI
Ezechiel,Shawe,62f19304,0833 Kipling Parkway,628-945-6569,508-ffhFL9-663xi-78!-!VE
Louisa,Gurry,5i728492,7006 Park Meadow Park,447-662-4855,150-oisXBF-0663n-82!-!AH
Peter,Desquesnes,061x2482,52896 Holmberg Avenue,259-295-3654,365-hqeTVE-437vu-44!-!5O
Court,Sabattier,6yx61214,5 Swallow Court,972-249-9919,862-gb1S38-466vf-35!-!1F
Ruby,Danbi,g9836284,188 Pierstorff Court,299-812-6572,676-soq0AE-878pi-33!-!2J
Tara,Hammel,zkgu3407,2 Commercial Circle,467-547-7673,309-3tz8RU-725tg-46!-!8G
Reagen,Schulz,t54f8073,31 7th Alley,180-400-3164,348-hjx5XF-6349s-20!-!BD
Onfre,De Vries,13cu2375,49 Reindahl Park,632-880-4015,541-51aGX3-968jk-00!-!KI
Gabi,Geldeford,gns10553,9 Loomis Park,276-123-8269,072-3m5R61-68011-30!-!BV
Blane,Dreakin,0viz8014,3897 Myrtle Place,552-756-1885,183-w77LKX-856xg-52!-!11
Dolores,Tire,hwwx9177,0725 Debs Center,635-234-1117,044-f6q7SO-512iw-27!-!7N
Wayland,Eastlake,aafd2735,33 Becker Hill,223-354-4827,858-7diPVX-739zl-39!-!LW
Jennilee,Calderon,szku9559,383 Kenwood Avenue,541-951-9110,319-heuTZF-8951n-20!-!M5
Glad,Chown,5r7l0708,247 Maple Road,160-998-6021,719-gr94EA-142f7-30!-!UW
Timmie,Albion,jhen6881,644 Novick Trail,177-602-2241,088-5v7PTC-042or-13!-!78
Sean,Alner,hech7042,0090 Comanche Plaza,875-547-7773,735-uet7CB-6770n-60!-!M4
Pattie,Pickthorne,bdvr0444,443 Hovde Avenue,382-667-4963,579-5loGI5-325jw-39!-!RU
Ed,Buddington,pkb32416,99 Artisan Avenue,259-376-9265,242-4aqOC2-9715y-20!-!9P
Dulcine,Beedie,iome4328,49873 1st Terrace,170-872-7973,127-lkeL5I-770zg-03!-!IC
Ania,Moss,runx1599,1 Ohio Terrace,683-637-7027,154-6i0RFU-099zr-94!-!8B
Vale,Martinets,lsl57541,65667 Sunbrook Pass,457-182-8816,627-5x2Z3I-604nf-76!-!1V
Bessy,McConnal,91zh3409,550 Mendota Plaza,428-736-0295,527-e1vMDG-429al-60!-!B0
Kerrie,Synnott,k8v14525,96 Columbus Drive,377-476-4901,863-6a9RLD-294wi-26!-!0Y
Willabella,Tanzig,djwf0496,01 Homewood Terrace,728-884-3391,209-7nl28V-587pb-89!-!6U
Bevon,Giacaponi,av8t1246,275 American Crossing,752-318-0280,693-amkVD2-417pl-44!-!9S
Tilda,Pidcock,btds6879,64676 Grayhawk Place,237-376-4262,070-pbs7VF-811xm-15!-!LI
Janek,Finnick,qsff5832,30 Kim Hill,695-231-8375,177-opw4MW-613pv-02!-!09
Nikita,Savill,fmcd0541,0 Roxbury Crossing,458-266-1606,150-sejQRR-57761-19!-!HP
Malanie,Mauchline,7apu7231,8126 Monterey Circle,845-832-5907,891-fsyXJ1-9875i-25!-!WI
Tally,Barriball,ejlg8728,3071 Gerald Trail,106-571-1042,378-x169N5-118uw-37!-!R2
Reeva,Mabone,l8do2144,46720 Continental Drive,658-442-6424,315-pcdAZZ-371wh-68!-!JN
Nomi,Stoeckle,9vvq7564,2 Stoughton Place,922-942-0153,474-bapNYY-9445f-47!-!MY
Bat,Margarson,t2dy8289,43 Canary Point,380-323-4899,352-t0sFDF-661gi-90!-!T2
Selle,Goodwell,lena8556,6 Summer Ridge Street,207-534-1641,469-9n8V8R-539lk-78!-!98
Andee,Topp,npat0170,44333 Ridgeview Pass,463-723-2771,746-sju2MI-5421z-72!-!94
Noby,Red,6rk32236,127 Maple Wood Pass,784-501-5087,939-v0hU62-8325z-23!-!AZ
Myca,Heynel,43iy6776,02 Barnett Center,410-435-2974,428-h0n4IL-714lx-33!-!LU
Dacie,Horrell,nkbh4176,18 Dryden Center,954-884-6450,848-2enXGM-1156h-78!-!F0
Ricki,Peal,98ni6636,36 Golf Terrace,271-317-4986,343-cl15I8-466rm-99!-!66
Boonie,McWhirter,wbcv9125,8 Sutherland Circle,261-364-5885,303-f8dGPZ-4743y-79!-!MM
Merl,Lock,ch2h5641,8 Manufacturers Drive,979-898-5622,093-3jp3M6-6452w-44!-!SE
Giffie,Saltmarshe,ttdd0167,88738 Parkside Park,599-305-1901,666-26v04W-688ya-17!-!C6
Maris,Youde,wz6m0808,2609 Muir Drive,133-486-0899,997-uy6MSD-259bx-08!-!6Y
Pepita,Cokely,xpxd7694,982 Mallard Parkway,550-743-7245,835-jd1REY-183eu-42!-!NC
Leelah,Paddingdon,b0g82272,8 Fordem Junction,660-738-0382,263-n34PG9-0046j-14!-!PL
Waverly,McHaffy,ymt22291,056 Manley Avenue,849-656-0263,989-g4i30N-753aq-64!-!EZ
Broddy,Pennington,vzin2190,82672 Garrison Hill,889-833-4395,074-y01APX-4496f-64!-!2P
Haily,Wonfor,qnxb4390,0 Pankratz Circle,185-163-1894,919-kkiJWC-6956a-79!-!JE
Costa,Wittleton,qlmm6526,2578 Nobel Street,419-287-8454,056-75m8MB-038ip-36!-!81
Llewellyn,Tooker,luei6504,39 Main Court,239-806-4962,454-uzgEQX-795dq-64!-!4N
Kenn,Morigan,a18r1585,9203 Springview Avenue,273-641-3579,599-ufjQK8-081zg-00!-!87
Adara,Roocroft,igd82482,8813 5th Court,358-378-8349,588-ovxQFS-008ef-73!-!Z8
Ros,Sherrum,jyv83852,7499 Derek Hill,625-181-5267,384-w8fLCT-2734k-68!-!PZ
Amie,Quigg,3h0r4372,16 Marquette Park,673-659-6921,787-a3rHH0-461j7-07!-!X6
Grethel,Sawkin,lyru6648,69 Loftsgordon Avenue,288-315-9922,693-sok5X6-192d5-41!-!E9
Chelsy,Peaden,ivf20100,8 Manufacturers Lane,452-722-6145,059-rtsGSH-678xy-12!-!QI
Hagen,Gouch,y0qk6484,9601 Heffernan Road,693-327-1051,251-qhnEOQ-040ob-56!-!53
Agretha,Tumini,4f3z4721,474 Gateway Court,705-843-7289,845-8j1RDR-309re-36!-!QU
Zsa zsa,Durham,yz1a2049,4 Arkansas Park,688-200-9329,165-n8y4WG-89996-25!-!UE
Clarinda,Walrond,ir4f3022,53 Rockefeller Parkway,249-736-6148,414-fj85KE-39907-34!-!AE
Cecilio,McKeachie,troz3303,297 Twin Pines Drive,210-220-0664,992-fm513V-739pw-28!-!WY
Madella,Gaynor,f9px3088,1394 Harbort Plaza,101-498-3915,060-zgs88S-021bs-68!-!SZ
Hilliard,Tudhope,lgsl1304,8 Blue Bill Park Avenue,693-220-3212,229-m786NZ-97059-67!-!O1
Berna,Smitham,yrh07525,71448 Doe Crossing Circle,460-518-5983,535-utmK51-705u4-65!-!YU
Bondie,Dany,o8od8864,267 Caliangt Trail,265-493-1250,521-0gd8KW-1403c-95!-!W6
Georgie,Blackall,vldq4730,787 Bowman Street,119-177-5285,256-5coNUF-139db-97!-!FW
Budd,Larby,wmkf3133,3 Butternut Plaza,527-968-0641,941-iqiFY5-369zu-36!-!OM
Benedick,Beneix,c3bo7300,0 Westend Hill,883-877-9753,946-0m21WZ-31686-97!-!M1
Carlos,Cadwaladr,x8s65391,397 Comanche Avenue,487-537-7675,150-in9NKW-26099-40!-!S2
Jo ann,Ponten,nbts5055,06552 Arapahoe Park,524-431-4134,882-tf5IID-688dd-38!-!PL
Franklin,Allenson,5equ1306,233 Forest Run Circle,694-666-1441,386-yj1D6X-137tf-10!-!BP
Chandler,McClean,2z6m7866,62186 Hoepker Trail,475-683-5220,278-ba5LK8-8969k-11!-!N0
Katherine,Camoys,y5u69954,9077 Buena Vista Lane,575-122-9806,655-ud2VG2-838rv-62!-!O3
Jacklyn,Betteriss,yccf1082,56 Prairieview Pass,766-182-8521,235-kr5UU8-489tu-70!-!VS
Griz,Lillistone,09ga2369,983 Sherman Lane,937-127-5737,240-ut5G9R-26658-15!-!J9
Tammara,Fraczkiewicz,kuxt9864,70 Kedzie Alley,708-824-3382,193-xnaUMW-783zv-97!-!P7
Jorgan,Beswick,icxn7431,8 Waubesa Crossing,667-877-1379,403-pqzGYL-525s5-49!-!PW
Angela,Copplestone,4cw95201,8396 Eastlawn Circle,248-712-4718,108-u7v8QQ-645g2-17!-!HJ
Jazmin,Colthurst,detb1727,46088 Morningstar Place,213-148-9864,816-8jwSUV-0009k-85!-!H9
Norbert,Buttriss,efmn5345,729 West Circle,207-644-1421,859-o7aAOC-76509-66!-!EW
Harvey,Bwy,t7p97431,44188 Everett Crossing,891-584-0830,749-8fwWNZ-183ig-83!-!JY
Clevie,Jenking,rup96644,7366 Homewood Road,809-466-0342,582-i34VK0-198a7-31!-!U6
Gail,Tavener,7m9p9402,9352 Porter Street,209-468-1962,789-5jwAWY-679l9-98!-!67
Kimberli,McCafferty,34580868,4098 Clove Park,587-321-5072,104-r5i2IX-4168w-90!-!ZS
Ginny,Mateos,byv76218,2 Evergreen Way,974-339-4097,082-ecbT1U-531jj-88!-!66
Nilson,Pidon,1xw57456,0497 Chinook Center,262-645-5349,389-4i8RHI-738jq-20!-!IA
Fallon,Pennells,59ke0280,3722 Anniversary Center,611-406-3377,476-q33UVN-568mo-17!-!YC
Denver,Gregon,ajzy0320,444 Prentice Circle,117-128-8035,845-0t68G2-235o4-93!-!Z8
Lilah,Morilla,fagy4824,383 Service Park,302-161-5114,524-0hbP67-913pk-41!-!PO
Wolf,Crellim,im4z4679,7398 Cody Terrace,289-652-7827,993-tyxZS3-169gg-11!-!P3
Ibby,Westphalen,evth4237,2 Bobwhite Circle,217-557-2507,579-oz6S4T-665du-91!-!33
Yalonda,Brookfield,d2f11022,57156 Sloan Junction,458-872-0814,342-8x0D2U-495jl-77!-!I5
Cymbre,Musslewhite,zue73065,88 Cody Parkway,483-159-6567,707-oje9RU-089k8-09!-!MF
Phebe,Castellini,buih6421,614 Green Plaza,733-158-4210,142-ikd4GW-775hy-85!-!E4
Dennie,Langsbury,lhvd6345,06258 Judy Parkway,867-933-9384,357-hwp8NT-602j3-44!-!AS
Gustavus,Addionisio,ze566376,762 Graceland Trail,678-193-2443,188-6lxAGU-565z4-98!-!K9
Krystyna,Dossettor,lhhd9056,4825 Debra Terrace,785-253-3292,689-iw3ZOC-902nv-35!-!U3
Philippe,MacCumiskey,0w7c7410,6 Mayer Park,415-883-3811,572-usqUM8-0157z-26!-!9A
Herculie,Farr,68862058,26 Buena Vista Plaza,214-660-9399,895-kcbUAJ-6335m-66!-!4C
Bridie,Cavalier,3za38867,5 Farragut Road,905-931-0517,390-lq73KJ-67134-56!-!OK
Rubina,Powdrill,216d6126,444 Tomscot Hill,461-268-2280,164-6iaSZ5-6202d-30!-!PI
Jayme,Hardson,xy6o2970,2554 Montana Park,921-160-7954,966-mc24BR-1565v-80!-!U7
Kennedy,Landall,e1566989,26281 Becker Plaza,922-545-8875,804-rctT8K-698qq-79!-!04
Tilly,Oxbrow,0cp17682,8 Ruskin Terrace,101-347-4981,914-ymsRS1-6924m-39!-!UT
Gabrielle,Kolis,3zhq6675,210 Emmet Pass,223-497-6620,782-uwuBL5-649ps-97!-!QQ
Linnell,Mattiessen,is9p1021,96 Hazelcrest Terrace,504-284-5906,966-ng9VH8-6918n-00!-!5C
Reinaldo,Pote,jntt5615,4027 Lake View Court,179-786-6523,368-ulxQUB-707g5-23!-!OE
Shae,Gloves,wini1275,5243 Barnett Junction,468-251-2106,509-z3bJF9-849we-20!-!MM
Lucius,Piatkow,otgn3178,5265 Grasskamp Court,537-123-9455,457-4y2X8Y-460qj-91!-!T2
Neale,Heymes,gpoh1415,984 Service Trail,148-339-7867,250-hpyZC2-555l8-47!-!BC
Lanette,Cayley,i5hr3892,21764 Redwing Court,414-907-2525,779-byl1XQ-257ub-10!-!6A
Peadar,Fish,dppm2140,5 Eagan Park,545-136-0976,940-axdC8A-529th-58!-!3O
Gabe,Coverly,1sjn7075,4 Southridge Hill,210-244-0983,664-t4cO0A-224fy-73!-!Z2
Griffith,Cowlas,x3sz5917,1074 Rutledge Plaza,999-792-9933,428-w14KBV-30382-03!-!NV
Cody,Gartenfeld,a1gh0826,26220 Warrior Plaza,564-302-5768,978-rqdR48-887dd-11!-!UN
Benedicta,Doddrell,gvkc5222,62317 Farwell Center,488-500-6967,590-lvzKJA-959hj-10!-!QE
Ariela,Galilee,ho4g9902,6 Bluejay Alley,531-563-2729,308-qjn2P6-901gk-55!-!ZD
Der,Carratt,ky4l4180,21 Corry Court,942-671-8561,173-eskNGD-9269g-46!-!M1
Gilbertine,Mumbey,4jyd4547,71024 Carioca Drive,884-941-0984,997-1jxYUO-9555v-52!-!O0
Linea,Lapham,wmpo9663,70 Di Loreto Pass,418-542-0055,794-av0Q4O-503uw-74!-!G6
Sven,Gawthrop,3zwc7334,45690 Oriole Avenue,671-910-2864,878-3n3UZP-425qh-27!-!GI
Jillane,Ghidelli,q7ll3470,29 Butternut Way,491-313-4992,408-w4fA7C-4879s-77!-!OQ
Kory,Lambersen,91un0346,6 Bashford Parkway,518-251-1674,326-c9aYOS-3855l-10!-!EF
Daniele,Bastick,ntva4017,802 Farwell Avenue,179-798-2061,551-0qz27A-838hl-51!-!JX
Marjory,Beisley,6kr90310,71 Dennis Crossing,677-324-3640,186-foe75A-766qm-75!-!2E
Gaultiero,Else,ypvu7120,976 Forest Run Trail,457-316-9817,972-6g6XN9-657hv-17!-!6A
Gallard,Beccles,kbiu3995,4142 Anthes Terrace,854-300-0311,950-dhnWGP-668ys-24!-!MU
Lucine,Yeudall,xajk2908,779 6th Terrace,724-948-4266,372-gfeUDN-819yk-94!-!ID
Ephraim,Hrinishin,0qip2158,943 Reinke Trail,518-776-2678,809-9jjWEU-628j4-92!-!QH
Sherye,Ducker,jtxf0543,9 Iowa Court,137-979-3275,668-yn7EBZ-175mm-67!-!C8
Rowland,Shemelt,heor1329,685 Loomis Trail,492-345-5645,627-fg0FIX-019ds-25!-!6N
Raquel,Cohn,jk8r8927,954 Mesta Avenue,280-346-8780,730-ohiCVV-3888t-79!-!HP
Saree,Barbey,wb099178,23458 Macpherson Point,124-833-1031,500-2h3C14-787q9-08!-!OC
Evangeline,Spurriar,hi0j7564,4 Kensington Park,536-330-0615,347-s6eY75-995kq-71!-!KT
Aigneis,Fomichyov,cq666908,49404 Glacier Hill Pass,889-342-3887,087-cd92O2-019h1-13!-!90
Odetta,Paniman,bz415049,2895 Prentice Center,501-318-8908,509-7xqLNH-532e4-62!-!EA
Leelah,Tollit,hcfq4787,7186 Laurel Parkway,284-371-5354,606-bf98BQ-440hb-02!-!G0
Mindy,Haseman,y9m01319,87704 Sage Alley,235-186-9314,602-79kZSC-51610-34!-!OP
Baldwin,Tilling,z64s9158,7 Quincy Junction,305-433-9429,651-4taRBF-966bx-64!-!0U
Nevsa,Squibbs,dtit8222,8940 Schurz Circle,272-156-6459,394-jl4UTZ-9983x-21!-!VI
Opal,Derl,a8e85800,955 Anthes Plaza,743-686-0093,505-gdqMD7-027wn-70!-!UE
Odille,Warne,jo7u1307,60 Moulton Avenue,901-538-7587,341-7t1W69-509yz-68!-!76
Arny,Upjohn,dxeb2391,07698 Killdeer Park,514-661-8576,792-s1y0GH-252g8-24!-!YO
Binny,Wedmore.,eiu32324,1041 Gale Place,294-223-9982,281-3mi19C-3140j-90!-!C1
Doria,Leebeter,mft02966,28 8th Place,784-687-9670,577-8mkPHJ-658xl-88!-!D3
Humbert,Dee,kwfz0177,41782 Prairie Rose Drive,303-228-1499,119-lsdLYP-043f9-46!-!IU
Stewart,Britton,qxnt3389,5 Esker Junction,424-672-0914,556-rmdXPR-736zp-94!-!6X
Swen,Benbrick,wqjj2685,0 Manufacturers Hill,595-795-0856,199-k5lZN0-85455-46!-!XP
Fernande,Matthaus,je743979,2464 Homewood Plaza,811-655-6794,249-qowPEQ-362h1-31!-!UT
Gaile,Shimoni,mmm26476,0 Pine View Pass,169-777-2335,004-ulf7SA-38152-80!-!D7
Sadye,Rosen,m46h7000,0 Debra Trail,359-651-7746,220-h9w93W-303q6-61!-!TE
Dotti,Yarmouth,umiu5622,377 Bartelt Parkway,598-127-4485,472-1hz9FJ-912bv-96!-!EO
Miguela,Ciobotaro,zyrp1032,8 Killdeer Circle,362-184-4575,750-w3fP38-605p3-91!-!LX
Adoree,Gerardin,yoem9515,54504 Atwood Parkway,445-466-9006,972-z9kWF5-089yh-78!-!13
Corey,Ullrich,tudw5139,2391 Luster Pass,933-616-4868,861-52bQ9O-616i2-00!-!Z2
Tybie,Tavinor,kuex2249,7 Graceland Court,994-536-9938,426-bq73QM-635tz-04!-!OM
Glenn,Smythin,gkj44851,8 Division Trail,527-891-9487,598-v80D4J-244h8-44!-!BH
Eirena,Jouannisson,lv238958,36803 Marcy Court,706-975-9150,599-cjlCLT-095a1-03!-!JE
Thornton,Slaten,kyj72116,98681 Sunbrook Pass,107-816-4537,284-3r9XLX-453rf-75!-!FO
Aldric,Delacoste,q2z53228,5 Menomonie Street,113-537-8623,365-sg4YMY-072s4-21!-!QI
Claiborn,McGivena,grga5791,6 Charing Cross Point,193-277-7683,146-g85RKF-472a4-46!-!LV
Tyrus,Dusey,4lhj9762,35360 Glacier Hill Parkway,693-349-1860,812-bqfLJW-5676m-59!-!LF
Lexine,Slyford,j3696198,9101 Ilene Point,108-967-0590,484-qauDHU-653o2-48!-!EA
Ailey,Toft,c4f93843,30 Green Park,319-867-7227,391-wipT0G-957yx-81!-!N2
Win,Hulcoop,6ry55255,6 Kingsford Road,591-842-0469,977-jb5V31-83737-57!-!K8
Hortensia,Bradburn,gogy9940,7828 Spohn Court,503-454-3074,357-urfN6Y-270yr-76!-!G7
Nichol,Yendall,g33f7500,09 Blue Bill Park Plaza,977-463-0571,006-8gpOQK-0737a-48!-!5A
Nikolaos,Slarke,ysfd9332,2 Dayton Street,719-946-1988,537-7d1EGO-629av-44!-!VB
Falito,Tetla,k4mn2638,81177 Sugar Terrace,996-735-4199,075-cytHJT-868cx-44!-!4F
Erin,Swynfen,asho6642,22 Merchant Place,223-801-7993,710-14x6L9-942kb-62!-!Y9
Shae,Avraham,jo3y6200,2528 Brickson Park Park,727-674-6622,710-1yoANG-1366w-47!-!OW
Bethanne,Blacker,vqez5668,76 Marquette Trail,781-538-8604,273-0t3LRA-407az-44!-!RF
Sally,Hinge,blfs9822,03712 Pond Point,531-510-1088,696-nca3K1-391s6-77!-!VC
Drusilla,Witchell,jg242363,4229 Corry Street,833-268-0868,003-16xSHS-987ja-73!-!MD
Fabien,McKinie,anbr7405,3356 Grim Avenue,478-191-9120,536-cejIGN-503r2-37!-!59
Filip,Jacomb,5yhb7876,7364 Algoma Plaza,222-453-2250,643-w2d6X9-654al-21!-!5V
Hamel,Witheridge,6uyo0520,914 Forest Run Place,612-619-4965,698-nkkI35-342uz-56!-!70
Kingsley,Hubberstey,e13a8635,8838 Vidon Road,525-660-8764,372-i7nGL3-116hp-95!-!CR
Farley,Garz,b9r31084,0469 Sloan Street,150-915-0867,038-v11C9O-134fl-29!-!YH
Raff,Pergens,fmyx3673,14 Havey Crossing,836-906-3742,912-t2s1AL-5942c-53!-!48
Neron,Cleaver,me7n1086,56175 Shoshone Trail,903-739-7787,781-fr1HXT-116t7-27!-!4U
Dal,Kobierzycki,02qj7205,13 Hovde Parkway,447-698-4156,747-w15PW2-465jc-89!-!DT
Willem,Flye,8dcc2484,170 Hagan Court,595-216-5617,642-fpiCY1-060gc-01!-!15
Sydney,Oven,51vn2300,337 Bluestem Trail,253-101-9202,552-t60UE5-092hk-19!-!OP
Sterne,Betz,i9sb6292,58363 Shelley Court,733-526-0485,298-akv8KC-3795o-33!-!TF
Harriett,Jent,vja46372,155 Chinook Street,895-120-9669,878-rfgBSK-375bm-83!-!FM
Tate,Coskerry,raxz9126,3457 Barnett Pass,948-111-8981,756-zuhWT9-735hs-91!-!VI
Florida,Sorrell,nzer5157,85065 Surrey Terrace,541-282-6971,252-89jRXT-881lf-96!-!P2
Sollie,Savine,t9rl2611,58 Fairview Hill,527-118-4180,445-5f7NKD-4816e-27!-!BL
Marcel,MacFadzean,yp601600,29 Linden Plaza,219-736-7760,962-9pb6GG-828od-11!-!CO
Gill,Debell,62kz7606,64579 Ronald Regan Way,965-458-6748,368-jp9K14-2528f-22!-!RB
Mareah,Knagges,tblu6969,2207 Towne Lane,815-328-6078,220-xb2TG2-115op-98!-!MI
Enrica,Piborn,u7xt7341,70 Mariners Cove Crossing,507-599-6555,577-mt0M8I-210ig-00!-!4T
Daile,Bette,0cz19117,92 Holmberg Park,505-691-3909,856-fhfOPX-127b3-96!-!CL
Casey,Davidescu,mw737298,4 Westport Road,894-877-3338,172-3w7FN5-235r5-38!-!X3
Thorpe,Cruse,dc170435,86401 Brentwood Pass,355-908-4351,332-y91W79-088qk-13!-!GT
Taffy,Zanolli,2aka0749,3 Chinook Center,801-616-4261,350-r751UL-044nt-73!-!DL
Delmar,Currer,s4uf7744,759 Oak Street,582-539-7022,754-j12YKV-5234j-13!-!UG
Nisse,Abden,srp75969,736 Coleman Avenue,304-385-9751,456-p49BD8-525v7-79!-!FJ
Gardner,Laddle,pcjx2411,261 Moulton Parkway,979-762-9615,112-fdaEBU-593px-54!-!VM
Olympia,Hucke,rx8b0459,20 Blackbird Pass,201-469-5749,596-g189CZ-171jm-73!-!9G
Cami,Gove,hucr1738,67 Meadow Ridge Parkway,781-783-6870,093-2wmBH5-266zp-25!-!PR
Blondell,Dugmore,14q96987,715 Marquette Lane,638-357-0716,492-90u1M2-309d7-75!-!EG
Barthel,De Freyne,n1bc2879,6 Fieldstone Drive,993-992-4733,729-f5uVRU-78162-30!-!QR
Alicea,Eliaz,qg8a2805,070 Barnett Park,188-500-5861,381-26sC3E-691cp-26!-!6Z
Bryn,Kopje,zvpi8808,99 Westend Park,904-414-3867,386-6x8SBK-846bg-40!-!Z3
Meredithe,Vigne,op960211,44 Farragut Park,138-564-0796,932-63qMUB-708rf-02!-!UH
Aguie,Matasov,4f0a2459,9377 Redwing Point,847-875-0504,193-1odZ8Q-784xm-29!-!XI
Issiah,Roake,7kui7550,025 Del Sol Street,659-523-2775,229-st97TF-260us-05!-!MF
Carroll,Mutlow,fsj44417,6 Dryden Drive,612-813-4666,971-f07V2P-598ao-90!-!MM
Fernanda,Rubert,1g192182,1 Melby Way,647-887-0116,237-s7cT35-951st-27!-!IJ
Jessalin,Winning,hu0q9139,3394 Northland Trail,985-318-6805,864-a4bATB-988q6-68!-!Y0
Hildagarde,Balch,9ysi5007,406 Tony Road,763-152-5985,056-0g10HP-568u3-98!-!JY
Adel,Guidi,hddl4388,0112 Surrey Point,225-679-0403,846-7utC6N-187um-42!-!VN
Ricki,Pert,tg4a3253,4850 Kedzie Center,443-182-0881,855-mqsXDU-9084w-88!-!50
Torrey,Devita,rpxs5128,2048 Gale Junction,459-466-7304,276-o5fIJ1-6595c-08!-!O0
Afton,Byk,dvs61028,919 Clove Hill,600-189-5536,727-brlEXM-420ma-91!-!X2
Graham,Sergant,la0m9425,94168 Scoville Way,596-668-6707,298-xwz471-32280-21!-!P5
Ofelia,Gallear,91db9549,9779 Blaine Court,877-594-5449,780-4j60EJ-341k8-14!-!PQ
Towny,Corradi,ccqt0485,892 Laurel Park,538-432-2011,881-pkhI30-9350h-60!-!T5
Tymon,Ilyinykh,sibc2625,76 Dawn Way,742-701-8427,508-9bvY1G-115pp-30!-!06
Kalie,Sofe,bkd50055,02 Bay Road,695-948-1750,193-pw46DG-1576x-07!-!9Q
Ernesta,Joule,fasl2504,52483 Center Crossing,396-716-9062,199-hvv9D5-020i1-33!-!06
Elizabeth,Abrahams,mh954574,12770 Raven Parkway,435-829-4161,527-u7qUTZ-306zt-66!-!J8
Melantha,Segoe,ihc02033,43 Vera Hill,149-814-6433,221-de9F4P-001wv-80!-!LQ
Charles,Stopford,kswn7036,610 Fordem Terrace,588-937-7296,784-w7vKSX-000wh-61!-!FY
Annalee,Ebden,74q61573,77022 Village Green Trail,217-199-8928,635-qjgG8K-3698e-42!-!VX
Whitaker,Tatam,1of92658,539 Loftsgordon Park,313-831-2218,394-7tjVQE-321fm-03!-!02
Doralyn,Clapson,f9gb4326,459 School Trail,392-628-7114,471-p4zGSQ-061ho-85!-!RF
Tadd,Durward,ksb10044,30854 Gina Junction,852-979-0325,544-afsAOW-532tl-51!-!ZX
Gasparo,Wrotham,oav63965,99834 Garrison Road,513-399-5391,607-tj8HEM-59689-62!-!DX
Morgana,Maud,2fl99773,3 Gina Hill,732-753-3934,120-2qr76X-342i9-66!-!S4
Carlita,Willis,hkyw9301,2 Bobwhite Center,618-123-2460,003-c2iBTL-119li-52!-!N0
Morie,Buncombe,3dou6402,306 Talisman Park,285-254-5295,613-xb42BX-764xs-29!-!2B
Ulick,Haugg,frc82378,54372 Hauk Circle,513-961-8557,949-p7bVZH-37543-79!-!RU
Rosalinda,Derrell,jmiz3390,1704 Granby Center,850-202-6293,882-pb1VWQ-921jx-66!-!X4
Joelynn,Matysiak,y2bx1463,44845 Hooker Place,902-812-4123,140-3erLXW-447q5-97!-!UE
Melania,Meachem,vvrc1821,99551 Schiller Lane,867-851-9611,822-8loRQ1-9978s-11!-!7C
Lindsey,Fairpo,dk732456,5 Golf Course Lane,796-189-2085,507-7i49Z3-672ru-09!-!9O
Ulises,Onians,2mwi7349,42 Mayfield Circle,512-169-1139,301-66fHAJ-346hs-26!-!LF
Sancho,Westell,gu770450,35130 Park Meadow Road,436-744-3356,406-orvHXV-462k7-61!-!2E
Costa,Worsnop,nbv97175,1464 Menomonie Lane,703-928-4125,259-bbmZ8C-2715i-39!-!WJ
King,Woodrup,negf1141,66664 Manitowish Alley,287-567-3038,929-vxa0WL-3109w-32!-!GF
Adela,Crone,0d1j0269,07 Myrtle Trail,527-619-3213,400-y1hBIV-8658k-96!-!D4
Aline,Axtonne,06828895,187 Glendale Road,113-275-7238,078-p6gCI7-773ps-08!-!2E
Tersina,Dundin,3p2w7230,8396 Westport Place,835-297-3134,490-zj6JVT-309kh-34!-!4H
Barbi,Jentin,jppm6570,8 Buell Road,715-974-2185,095-ojdPL9-107fz-72!-!AP
Hernando,Simukov,pp436667,0836 American Ash Avenue,960-763-3680,411-ycnH15-183d6-80!-!Q2
Deane,Karslake,3h7e9022,0995 Hudson Point,517-299-7285,413-zyfEUU-422ss-21!-!IY
Eduardo,Maclaine,ic675430,9 Hudson Trail,571-374-9283,123-gqdP2D-451m9-32!-!9E
Scotty,O'Dea,hucb5769,45 Di Loreto Pass,410-821-0197,773-2z4D7N-819um-55!-!0J
Nomi,Ulrik,7o8f6088,790 American Crossing,560-411-5305,860-8prJ20-561x2-13!-!FF
Saul,Cranston,x6wa5397,55550 Gina Junction,714-880-7373,472-uhfYF9-4619g-22!-!WT
Shae,Kilbourne,cdfo6991,57662 Schurz Road,222-270-9274,490-iv1NBA-4961m-22!-!RM
Guilbert,Pate,vwi58261,4 Vermont Way,466-349-1926,470-r2uSWD-142t6-31!-!AL
Brand,Le Count,b9l98098,208 Dixon Lane,161-167-8547,004-lnbQEC-635p9-56!-!P9
Bruno,Fludder,ud977576,87355 Columbus Park,813-743-6557,195-9r23H4-249ky-69!-!18
Magdalen,Crichmer,o8zd6906,82 High Crossing Alley,797-758-8730,077-sanSSG-263ln-39!-!6H
Calhoun,Bampkin,6r5q6548,263 5th Circle,469-148-2184,094-1osKT5-784az-10!-!SS
Guthry,Polhill,27lh6457,90338 Gerald Point,180-312-5509,996-58xFVC-491k9-30!-!1K
Gavra,Bento,dsra2730,1449 Evergreen Terrace,438-359-3870,923-21nJF5-8515l-66!-!PU
Corliss,Hankins,4by53773,70607 East Crossing,638-460-2765,262-e486IO-535k3-49!-!A3
Enrique,Dilnot,6soc5899,58801 Swallow Plaza,864-244-9991,086-w4cFXN-9375i-27!-!I0
Gladi,Jeffes,ioyv3508,26 Homewood Terrace,366-381-7266,598-qc9OER-219em-19!-!JB
George,Aizikowitz,lepq7810,7051 Cottonwood Alley,556-162-5864,560-oy33O6-123kb-73!-!9K
Orelle,Saffill,xpl40286,99920 Ruskin Parkway,351-505-1048,988-54oC9T-904g9-37!-!LQ
Una,Welbrock,40h11206,5311 Hoffman Drive,913-251-5204,158-zf9BPK-336u6-19!-!VG
Matthieu,Curle,jmyv3332,9 Paget Street,207-536-7242,334-p2iEIY-251hm-67!-!Q2
Millie,Marages,ai6m6331,04 Continental Road,583-986-3510,156-bhdQ1N-539v9-54!-!5A
Lucas,Ossipenko,h9ci2697,25642 Golf View Trail,804-970-9678,958-9hpNEI-2047o-55!-!MQ
Codie,Wogdon,kmm89164,3 Mendota Alley,615-854-0913,665-m0e4H5-7096m-93!-!S0
Cad,Axup,5glm1554,32 Granby Parkway,423-906-7015,243-45nPT9-899t3-87!-!NY
Corrinne,Stonhewer,s0ou3991,7 Burrows Road,870-239-8406,613-simXUG-510in-06!-!JG
Andie,Sollas,9d4k4875,058 Lien Road,822-529-2724,215-eamGD6-2330n-73!-!G7
Melita,Rappport,s1au8312,62516 Jenifer Court,378-128-8279,406-bxpNT8-894qs-03!-!7O
Rivi,Beinke,kg3r6419,07 John Wall Plaza,272-645-9235,398-e1bTH7-801p7-56!-!TQ
Natalie,Ferri,bsm25744,3 Mockingbird Plaza,416-790-1976,622-4dpO4G-149su-35!-!VF
Dario,Mablestone,l6c78737,00 Park Meadow Park,630-826-0765,549-a02J9T-4562k-12!-!YG
Fanni,Vagg,emly2792,6782 Delladonna Place,414-481-7630,180-ytgJFP-472vt-16!-!Q4
Eldin,Petters,ofet5346,79245 Farragut Court,387-334-4533,621-z4h0RM-422sy-71!-!2G
Aretha,Jencey,0kr03086,4 Derek Place,301-810-2188,743-94nK7U-61882-37!-!17
Maura,Leffek,84ci1160,0 South Place,591-863-2343,875-av9COQ-330hz-91!-!6E
Harriet,Longstreet,fdb36636,98 Norway Maple Trail,720-202-6191,539-wn1HIC-640ab-17!-!C9
Haily,Thandi,hzuc3716,1463 Judy Plaza,127-603-1429,856-ew4CU9-597fr-84!-!ET
Isadora,Jonathon,mjtu8750,93789 Dakota Trail,434-834-0843,682-dbuWHV-420me-54!-!P8
Elvira,Garrood,2rko8473,376 Dunning Circle,424-483-9845,362-dkvBHP-817s7-40!-!3L
Jerry,Dulake,rhy30919,0009 Del Sol Circle,903-817-1963,155-bwfXEO-397f6-89!-!BI
Robinetta,Elves,q7459636,6 Spenser Plaza,152-115-5052,659-vk74WQ-347f9-40!-!RN
Gabriella,Shaughnessy,89363634,086 Pine View Plaza,135-385-8256,279-t2a61K-552oz-39!-!P8
Nappy,Tolfrey,ic594631,7865 Roth Trail,757-656-2468,213-sv0L0E-62659-27!-!CP
Emmy,Cattach,csdd3077,10892 Summit Plaza,616-595-1481,568-3zb28G-059ix-59!-!U5
Delilah,Lovekin,dwaw1261,6177 Victoria Terrace,595-666-4899,630-0hx62A-912f5-77!-!L6
Sada,Skene,t6mk5466,584 Farwell Crossing,183-841-4037,159-k846CG-675fk-34!-!CW
Arabele,Paydon,mb411313,94 Quincy Circle,408-102-6901,412-8lfYHA-7956q-21!-!9W
Alf,Drynan,2e3p4086,23 Blaine Place,353-154-7192,523-bduG0B-2716f-51!-!J0
Nealon,Yelden,83kp9431,69 Farmco Alley,949-100-1616,374-26kYY6-33345-15!-!02
Erminie,Oxborrow,rhuz3745,4927 Boyd Park,889-187-7874,815-cjsZ1I-814v3-98!-!D7
Bendix,Kedge,no8p1802,3 Troy Circle,838-683-6653,716-7we35X-021a1-15!-!HW
Nonna,Zink,u3w01860,65799 Gateway Road,780-224-0845,052-0bpMYW-671lb-53!-!3F
Eran,Hendrickx,i5vh0429,70428 North Street,940-675-5076,038-xx0R9K-624if-62!-!3S
Darb,Room,lm399641,6 Cascade Court,482-223-5558,608-v5zTFS-4318l-27!-!YE
Garik,Dmitriev,rkar0601,1441 Tony Place,507-390-0408,747-3xcCDF-4973k-83!-!RC
Emmaline,Hallex,gj0q5801,9971 Petterle Point,407-989-2080,623-yh8YA1-5774v-44!-!PK
Corey,Hartles,1dx73921,5451 Clyde Gallagher Point,416-747-4022,573-20bFF9-160t8-04!-!HI
Tessa,Thaw,h3ds8250,6 Farmco Parkway,790-858-8190,167-nr0FBM-129it-94!-!XD
Worthy,Michiel,wtun8833,90720 Hallows Terrace,257-143-4512,927-f8lLHY-3963q-48!-!8F
Hollie,De Malchar,ldof5691,33 Butternut Park,151-430-8961,059-abh7OF-131gk-75!-!WU
Lotta,Stubbes,ymjz7634,05986 Orin Parkway,123-107-0491,841-br8AG7-730m0-38!-!AM
Ferdinand,Bowe,npym6680,1565 Manley Center,468-510-1828,382-8va6OY-888zy-03!-!XL
Danika,Hallaways,bxzv1457,9 Kenwood Junction,475-533-0146,435-8j0SNH-1379h-23!-!6E
Augie,Hune,p0bl7627,434 Grasskamp Drive,859-543-7976,201-x6gIND-9924f-82!-!42
Lurlene,Redpath,mlye2911,2045 Merrick Park,616-546-0071,996-3wmKKK-281ka-05!-!IS
Byran,Moat,l48g2227,86233 Judy Plaza,639-913-0362,074-kgl34M-085st-55!-!EJ
Bart,Steptow,ir5u6599,256 Brickson Park Lane,718-906-4191,567-fjr0TV-631wi-82!-!4T
Carolyne,Van Haeften,a2ui1166,87795 Kim Park,318-854-4006,260-jcsC0D-5831z-43!-!UD
Christi,Samms,rjp32238,542 Pleasure Parkway,503-426-1110,282-a7e2LU-6655j-62!-!CY
Emory,Davitti,2rav1351,33 Hintze Crossing,525-709-6559,341-2e83OG-416i9-59!-!97
Murvyn,Martijn,3xsl8169,4505 Grim Terrace,820-612-8824,765-wcnFMG-491x2-99!-!NN
Sari,Youngman,4vr11514,3 Homewood Place,558-764-0350,612-4ddZIF-763ze-15!-!Y3
Bryanty,Birrell,dp0t7748,414 Mallard Hill,133-110-3108,411-z6424N-926v2-28!-!1H
Sandy,Collymore,t0673721,087 Hallows Parkway,334-131-5649,273-ky3S71-626u6-74!-!HA
Elly,See,h1os3487,509 Schurz Street,697-810-9477,065-b56AEZ-274h2-23!-!RR
Querida,Notley,lndb7819,47643 Beilfuss Court,378-482-5993,013-dr6DKQ-675r7-06!-!D6
Anestassia,Corten,36xb9549,202 Shopko Place,802-367-3249,527-mco82Y-207xk-11!-!KY
Alejandra,Herkess,s9qc9831,178 Holmberg Alley,977-472-0412,666-1xaIFA-064fj-61!-!0O
Osborne,Kelf,w6vu0638,20 Memorial Junction,446-927-0906,589-touF0L-5060e-48!-!CN
Field,Francillo,nc6f3257,736 Towne Park,877-410-6348,498-c7aLO3-6044h-67!-!T9
Vidovic,Fynan,uaho9975,976 Monterey Hill,197-485-4163,987-fxsV5L-678oj-04!-!WT
Gerty,Samuels,ci2o3355,42212 Randy Pass,259-391-2367,309-ycpA98-816m6-19!-!ZL
Leisha,Quinane,ne058256,55 Manufacturers Plaza,980-390-5329,119-y6zN9W-7120c-06!-!AP
Marcela,Johnigan,cjc99330,86 Continental Center,234-659-4298,213-byp6KO-436up-87!-!T5
Margarita,Sail,gbrc1708,685 Washington Alley,453-978-0272,693-anrR2E-813gz-32!-!72
Ringo,Pirrone,a6ob7745,543 Superior Circle,511-310-2978,094-r0rLSW-612wy-72!-!GP
Tracey,Cogswell,odmd6099,7 Sloan Street,579-530-7487,631-24y9SC-511ed-10!-!QD
Kellen,Lewis,or7z4715,402 Westridge Point,255-715-5069,909-zdzCLG-0740y-91!-!OE
Nettie,Gimenez,x2ax3609,7 Ridgeway Place,750-335-9463,059-ybiNZ8-2333u-46!-!1Z
Drucy,Dewes,hxby3012,32 Southridge Terrace,711-574-8049,918-u3jN7F-983am-78!-!1N
Faustina,Chaloner,3tmt3151,26 Rockefeller Lane,757-956-3797,659-s8d1N1-292pn-37!-!JC
Roarke,Spall,be7h2531,9105 Onsgard Hill,910-901-9634,216-n0rPO3-762v3-40!-!YP
Gregorius,Hatchett,2sc73288,7 Beilfuss Parkway,243-404-1796,940-4i7MLI-069te-79!-!4I
Keri,Von Welden,cmwy0974,0 Waubesa Hill,631-800-4693,142-hr1Y2D-571jt-68!-!1C
Brody,Rawcliff,y9pa9099,3778 Ruskin Park,343-393-5301,292-9s6JMA-057wd-10!-!GN
Burgess,Hartin,9kzs7670,1 Novick Parkway,764-805-3428,553-xiy4T2-831cp-01!-!BR
Kristyn,Fielder,yu033493,35534 Hoffman Trail,804-992-7319,603-ystMHI-62478-42!-!2B
Thekla,Culligan,ngln3385,6 Morning Trail,304-525-5697,901-sxpIXZ-901kt-58!-!8U
Zita,Rupprecht,romp8165,135 Utah Alley,330-265-3943,681-n8sQB8-594er-10!-!DM
Sabina,Fabb,3fp24895,659 Ohio Trail,898-614-6445,125-mtoRR1-103li-17!-!B6
Clyve,Lindenman,7b0y1107,96 Hallows Road,638-152-2471,016-ppjUC6-87040-21!-!HD
Paige,Karadzas,jc2p9203,2 Vera Parkway,412-348-2458,608-59aN39-314ch-11!-!95
Benedicto,Duckett,mowb0915,74852 Moulton Court,969-690-7476,581-cou2OR-440hh-55!-!DC
Alicia,Esby,qcu19177,8422 Memorial Avenue,690-111-8701,903-98uV5H-205uu-52!-!A4
Claus,Bursnall,isre9035,65 Kingsford Road,189-397-2983,241-x3hRVT-259kb-26!-!3T
Bren,Jehu,2v8y4439,733 Debs Avenue,961-820-0193,456-8ojDOX-033es-94!-!IU
Aveline,Eite,8kfu4890,805 Cottonwood Street,807-510-7922,473-pa6TPZ-8890h-62!-!CG
Jaime,Muress,zmna2180,8 Memorial Drive,814-537-9854,186-d1dHXL-134s5-40!-!DJ
Mildred,Schuh,y4hy4631,29 Crescent Oaks Parkway,237-371-3743,924-kwxARQ-305eq-58!-!3R
Gayleen,Jemmett,z0yu5877,5 Tennyson Terrace,602-681-6663,744-00hHPI-178j0-82!-!VZ
Cybil,Dade,hd5d7798,319 Scoville Road,700-680-9017,943-vhj9C0-7916r-70!-!M9
Sheelah,Steers,w0is0317,26 Independence Terrace,955-671-0093,319-v48Q7C-30980-58!-!2D
Nathanael,Sheerman,j5ht9388,69564 Fairview Place,898-104-8880,914-dioBTE-915kp-43!-!YG
Gerty,Cronk,7o422270,0 Eagan Alley,275-671-2761,050-fi9EQ9-154fo-15!-!LN
Neil,Sendley,vqum2765,54 Lien Trail,693-462-8877,008-ixbH5O-836e4-92!-!55
Chelsie,Stonehewer,0jbr9164,81228 Columbus Point,770-142-5007,721-joyF4T-217ni-60!-!4T
Eolande,Battany,r43v2385,1 Nobel Street,916-728-2996,183-iyqB90-1751g-83!-!LY
Izzy,McCarter,mm8k9355,30 Carpenter Parkway,351-913-6464,734-hkpMQ7-442sp-98!-!PB
Samantha,Egdell,nklw5786,617 Carberry Way,468-361-7004,000-vf1RNC-704dd-81!-!CY
Margette,Konertz,iqpj9534,23527 Stoughton Drive,374-591-0165,032-muvFXR-71735-49!-!YN
Ravid,Colquyte,8fqb3282,5491 Killdeer Alley,589-303-4363,612-n6tTUJ-762ij-91!-!UT
Stephi,Marishenko,3kxd8052,910 Anthes Pass,950-873-8376,839-wyh2LS-028wc-86!-!US
Jennine,Course,udrl1989,9271 Banding Pass,398-582-7371,404-0l5HF2-77129-12!-!RA
Aubrey,Wholesworth,ia104062,14375 Eastwood Terrace,889-617-2682,049-vleHVV-320q4-21!-!4Q
Ramsay,Bortolozzi,zhdh7636,80417 Di Loreto Pass,142-492-6602,397-8a97EP-319v4-92!-!4U
Theobald,Seifenmacher,1hj15594,13 Larry Road,801-188-1468,925-x268OC-191kk-59!-!XA
Ivar,Ygo,enqy7358,18 Algoma Park,507-711-6578,193-ygrYQQ-2713j-08!-!CA
Maurise,Pinwill,2n1d9718,1919 Clyde Gallagher Parkway,981-643-4377,393-6y5D4D-8786u-74!-!TK
Izzy,Blase,si143650,61337 Transport Road,899-790-5973,659-twqDGR-9332n-43!-!S7
Judy,Cleyne,h3uw4394,45532 Rusk Avenue,555-665-9520,017-8195KD-3637t-78!-!S2
Flo,Nutting,v8hf6171,424 Killdeer Point,505-810-6942,784-qm6FNX-339rx-52!-!MR
Flory,Pauleau,zqk17845,69 Sutteridge Circle,701-558-0456,713-wcx0OI-306q0-96!-!1F
Hube,Koubek,zrtv5448,821 Dixon Plaza,595-673-6643,948-du9H3R-0321q-84!-!GU
Archy,Coale,4d8y5574,053 Banding Court,187-147-6537,601-hn2G7J-006cb-64!-!GW
Rosanne,Dyzart,eaxs9222,00139 Shopko Parkway,451-162-4167,672-kt0XFQ-008hn-78!-!LT
Charmane,Gleeton,ewml2627,398 Maywood Pass,877-825-1247,725-vlh3DH-442sl-00!-!1I
Teodoor,Heinl,1vgb9690,76 Quincy Park,456-661-5657,333-zeuHVK-400oy-47!-!3I
Dody,Peaple,0rdi7162,33364 Eastlawn Point,313-332-1767,457-pq018W-155ib-30!-!BS
Delia,McCaffrey,tp1z6468,1 Everett Park,289-629-7940,247-x8lHAG-170mr-35!-!I4
Egor,Kennerknecht,nt5a6898,6110 Thackeray Alley,132-500-4942,540-cptTAA-798p1-74!-!R8
Pascal,Dron,ssq01172,74 Maryland Road,517-627-3555,755-fr9YLL-384cq-02!-!EU
Aloysius,Saxon,l5xx2949,68900 Di Loreto Plaza,880-360-4127,705-2of7PA-72136-36!-!QO
Fiorenze,Taffs,mt4c2251,74 Dawn Street,504-579-6517,637-8o0IX4-560kj-94!-!JI
Nathalia,Sunley,a4lb2103,3538 Superior Center,978-508-8258,952-ymzJFC-606p7-63!-!U0
Amandy,Croose,vzgi7742,3214 Mayfield Plaza,711-315-0756,561-gisDW2-5296s-18!-!CL
Rowen,Sancias,722g8611,465 Westend Park,858-961-6754,082-j3k2PM-3383d-64!-!1K
Phillida,Scowcroft,w1dk2820,4771 American Alley,565-609-6770,317-il2WTZ-715u7-68!-!Y7
Nathan,Lezemore,ucsy0854,5194 Novick Alley,787-144-1803,835-4jiT3V-707ky-82!-!2F
Clarance,Hessay,jl811289,00 Thierer Road,968-245-8120,294-0m8U2H-566ux-76!-!BA
Kimball,Minnis,zdrl6424,457 Schmedeman Trail,413-518-1366,986-c5g2OB-615vd-71!-!P4
Prentiss,Aland,gq393127,575 Tony Point,358-224-2581,173-lan0UO-742q7-76!-!B9
Helen-elizabeth,Mainston,gv5h7394,61 Fuller Plaza,380-907-1430,877-fkg8QF-628l9-13!-!0N
Alvy,Siaskowski,pfx01071,0 Commercial Crossing,973-862-2987,625-a6dM93-016bg-77!-!TV
Esdras,Murdoch,ue6r9515,112 Morningstar Avenue,819-604-8827,705-1603NS-8217v-79!-!UD
Caroline,Moubray,ntk46518,80765 Blackbird Terrace,269-696-9646,291-yhzERK-561uh-16!-!PQ
Arri,Turbayne,7avh7534,131 Sloan Avenue,871-192-4705,382-iuqXO5-517al-26!-!W9
Jessika,Garbutt,1xu97202,3511 Warner Terrace,419-864-0383,704-vonZVN-597fe-14!-!EM
Lanni,Henfre,bzoj9973,58035 Trailsway Alley,691-343-8192,699-r4fYOU-516tv-40!-!TL
Garfield,Zanassi,2ddw1974,810 Parkside Parkway,992-928-4813,381-tz17Y6-045el-81!-!HK
Bink,Peegrem,pxa91397,4148 Grayhawk Circle,838-608-8013,567-l2h6BU-78474-66!-!JQ
Darrin,Preuvost,v0r30635,2 Sage Road,253-624-3525,165-kph3W1-238cr-87!-!UQ
Alisun,Topaz,r2gs1165,409 Hovde Avenue,494-255-4755,002-3ipO87-710bd-08!-!XL
Annmarie,Bellay,5mvw8172,24962 4th Parkway,322-430-3789,755-ewvP67-351fo-99!-!KE
Shurwood,Dunne,h8gw7043,818 Scofield Way,961-729-3813,732-amrFMC-048de-70!-!U2
Chadd,O'Hartnedy,duzk3341,75240 Pine View Place,289-349-8122,978-ku9DKA-843vi-16!-!OA
Ross,Greenan,4qfx3435,1 Logan Crossing,199-838-8644,534-ywa2CH-324pu-97!-!HG
Gerri,Michelotti,olxx4260,9275 Ryan Park,118-868-7103,871-y4r116-6859v-20!-!LH
Carny,Carnie,fbnu9509,210 Green Ridge Street,519-768-8781,564-4j9SFL-6807k-24!-!OM
Mellicent,Utteridge,wx2d2677,41102 Scoville Parkway,119-507-9830,634-vqbRKJ-229ya-51!-!7Q
Pauly,Filippi,whqk4788,5 Mccormick Road,774-903-8167,960-q2sKMD-9665s-95!-!WY
Meyer,Pren,ne4r3073,923 Pierstorff Center,524-623-5670,422-zjp0DU-3835s-80!-!E5
See,Wildber,3sca7816,9 Merchant Plaza,319-243-1485,310-wvnMN7-474k2-43!-!B0
Penelope,Cheyney,ui0y6360,841 Almo Parkway,676-636-5575,091-p41WQ9-178mv-83!-!YB
Myrtia,Itzkovici,obzg9823,63 Fisk Street,900-803-8992,106-pj0SBP-848m6-64!-!TE
Brice,Steabler,p8xk6254,91570 Old Gate Crossing,789-243-6548,113-0f9EVK-500j2-48!-!JL
Selene,Bartlomiej,n83k9785,0673 Sachs Junction,439-600-5966,752-cirLDV-069ub-40!-!8G
Felipe,Coatsworth,wvrq1421,057 Carey Junction,201-682-0712,045-bxmYZL-023sy-83!-!EI
Rosie,Abdon,nrxa5319,63 Emmet Place,628-918-4557,487-g43564-69593-63!-!DT
Nerta,Larchiere,udxn2034,4 Forest Street,461-771-9666,668-ipgOKM-637uf-15!-!PI
Valera,Selburn,th8x4773,18074 Moulton Way,396-907-0711,011-w829JJ-253mi-77!-!EX
Valerye,Bramsen,vyyd2926,78699 Charing Cross Point,515-981-5999,347-c6q4LP-944h4-63!-!PT
Harriot,Strass,dtno7850,2 Village Green Center,378-543-6384,421-k407P0-424yc-76!-!2X
Jessie,Ionesco,rvr25943,875 Almo Street,130-190-2687,523-zkcFLS-459q6-52!-!HX
Aldric,Glandon,ss0d0687,97702 Bunker Hill Trail,207-253-9875,342-8suJWR-729gg-67!-!TO
Halsy,Jefferson,atoy3243,1 Brown Parkway,861-898-5607,096-i63WO9-3210w-09!-!PI
Hew,Ianiello,w8jg9295,7476 Dottie Court,949-832-7582,514-1skV98-1785c-90!-!DZ
Aharon,Roddick,auy80340,567 Clarendon Pass,936-773-2509,339-fl3ND7-763c7-15!-!L6
Zeke,Itzkowicz,4edr6284,13464 Bellgrove Plaza,701-416-0189,124-3rpB84-164o8-29!-!W8
Will,Vasilov,yfym6394,4 Dixon Point,306-671-5786,028-2jbGWS-272xe-79!-!S5
Patricia,Swiffan,or5i6180,9 Calypso Lane,754-285-9676,598-wyzV01-037sm-60!-!UA
Celle,Faivre,7cgf5072,6068 Moulton Center,308-581-4077,110-50eK23-9853c-85!-!5P
Milissent,Donaway,fa3j7953,65292 Muir Center,218-469-0717,253-6atMTG-733sh-97!-!BK
Vonny,Tynnan,ufuo2431,42920 Autumn Leaf Road,979-543-7903,637-068G1Q-2783z-92!-!6W
Lynett,Desmond,cppq6170,9136 Schurz Terrace,724-574-0107,046-nyuIS4-537vn-85!-!HW
Arlena,Twinberrow,7mqj0149,3286 Jay Pass,126-533-8031,073-n83195-290pd-15!-!5Q
Stacey,McClintock,lhgb1455,72 Susan Circle,407-105-0462,075-aah89R-213vu-16!-!UI
Marcella,Rice,jztv9672,8 Pierstorff Point,564-738-4034,129-4dfTQQ-269om-95!-!WW
Andriette,Snoday,6is77805,23388 Jenifer Pass,537-591-6977,881-d20TBK-111q5-52!-!O1
Jesus,Morrad,6hgf4361,63 Lakewood Gardens Street,874-429-6619,150-pdnHRK-039uk-53!-!XP
Latia,Kinnin,pvi23016,102 Westerfield Pass,290-711-3865,104-dkkX8J-316uf-15!-!7S
Wald,Tidbury,15ll0644,94 Ludington Terrace,449-256-4707,345-fg45S5-33662-02!-!37
Lucina,Bishell,x7to6844,60 Canary Parkway,994-169-3391,650-9739CN-827j2-51!-!JX
Dulci,Leinthall,mnog0331,22 Gerald Junction,624-135-7485,727-900CLL-417z7-27!-!9E
Merrili,Baitson,2yri9573,631 Nancy Street,954-986-7336,369-ap8IP0-3910b-76!-!75
Gerard,Rafe,hrvb7943,9 Aberg Court,963-578-5477,713-fa58EN-354bf-12!-!KV
Gilli,Beckley,b78r6079,5 Canary Place,988-133-7368,483-yqjQEC-576a7-70!-!8G
Freddy,Lackham,vya64116,168 Elmside Way,817-394-9404,052-vte83K-5086r-92!-!W4
Coriss,Papps,ba1c0129,99 Lawn Court,556-149-4511,180-49oKFH-4777x-92!-!TJ
Haily,Sokell,8yz86934,41 Shoshone Pass,554-523-0048,806-duoVZK-063oc-59!-!JE
Elsi,Iddenden,183p1005,0997 Mariners Cove Drive,585-617-8105,270-4j7A5A-702md-67!-!2P
Nissy,Storrie,3hss0584,15 Loeprich Center,343-126-3060,687-l0kYJ9-657ao-27!-!UJ
Essie,Patroni,1e4n6705,96832 Calypso Lane,580-573-3384,457-sh8I3F-987sk-32!-!DH
Jacquetta,Foulsham,zofh9762,14 Badeau Lane,144-937-0909,774-5hr20Z-654am-07!-!18
Kristos,Hazeltine,cer16606,30304 Bayside Pass,121-821-0319,118-9cd6PO-965pa-49!-!69
Eilis,Hawtry,ji4m2022,21 Pennsylvania Circle,880-496-3976,714-6l7IZW-3497i-37!-!BN
Rheta,Merill,3f9c1902,68252 Kinsman Street,472-612-6376,228-3abGFP-023bo-06!-!RK
Darelle,Godard,643m3428,1561 Main Terrace,616-368-6531,063-mroQX1-795o4-30!-!HK
Amalee,Prestedge,3en29381,4 Wayridge Junction,771-337-9320,714-xvr4S5-081ml-23!-!0T
Darell,Outhwaite,7vth3862,9 Arkansas Avenue,886-582-0124,495-gtkZMB-286c0-66!-!RW
Celestine,Whieldon,agrc2426,52283 Tennessee Way,634-324-4922,549-z2rNC2-707hx-27!-!EC
Lorita,Fasey,5nud3833,036 3rd Street,796-561-9690,205-i0bNM5-70020-56!-!4T
Paco,Mawd,hjz54964,57 International Parkway,289-651-9384,572-k28NKA-7160z-47!-!I0
Wileen,Kidds,l5ic7661,1 Stephen Junction,725-228-2407,892-rldMSF-604v8-41!-!H5
Claudian,Murley,jqfe4173,304 Redwing Road,993-808-0730,347-jpsM55-938lu-34!-!87
Asa,Margett,b22b3259,358 Kensington Lane,273-997-3490,105-hnp2QN-707iv-66!-!6M
Ciel,Worcester,4zrp1255,6 5th Road,178-828-3997,495-8k97NB-761sv-84!-!L2
Madison,Creffeild,fgg63974,85 Redwing Center,347-613-6597,325-6ppR3N-444v7-28!-!29
Anni,Doag,rfq56717,20455 Harper Junction,842-485-4605,736-k0wDGX-5004s-66!-!N9
Sharyl,Stanistrete,uxb26629,4730 Russell Crossing,722-696-9964,803-h3v0N3-438vs-86!-!7M
Matt,Ruddlesden,3pi74366,2 Prentice Alley,688-581-5242,052-ofa14I-273z3-19!-!MJ
Yankee,Holehouse,2n3m0703,24 Troy Junction,494-112-2102,262-ttwNE7-5324d-85!-!8S
Corette,Neilands,0uwb1123,15161 Hauk Plaza,251-513-3568,103-k5kER9-177zi-69!-!JX
Dido,Axworthy,lokn2563,4210 Ohio Drive,194-200-1712,630-ftzIEQ-1356u-57!-!X8
Sayre,Zavattero,wf426483,57 Lakeland Road,375-311-6676,819-ukfB33-935dk-46!-!EB
Wat,Coathup,bp485652,025 Norway Maple Junction,820-130-7066,519-1mcPWV-236zs-93!-!KB
Jeannie,Cicchetto,1frf0523,80 Maryland Trail,281-889-7615,396-mchPGI-447ov-40!-!R6
Meagan,Milmith,zuah8112,70594 Old Shore Avenue,423-118-1328,414-p70SCT-471hh-88!-!LM
Grannie,Monkman,itor8796,54124 Stoughton Crossing,880-800-8079,998-xsoM6R-593gf-51!-!K2
Jeanie,Bearne,p0143827,830 Pepper Wood Park,167-672-4756,223-bqjY1A-165r9-26!-!G5
Timmie,Beswell,hawa8531,931 Bellgrove Terrace,546-616-9170,986-0055RS-096ap-47!-!FX
Tremayne,Chantillon,po1h8459,7 American Alley,871-333-3183,992-0ybYPR-409b8-00!-!9T
Padraic,Liston,uez22182,3323 Scott Alley,716-533-9640,834-od7KSE-2744f-91!-!53
Gussy,Palek,upyv0374,8109 Pond Road,499-639-5471,643-65sFMH-061xp-04!-!0I
Jobi,Swetland,tsa98580,908 Thackeray Terrace,642-904-8908,969-yns84J-772vr-67!-!1T
Gibby,Fallens,5miw0378,392 Kedzie Circle,118-573-9732,799-2nt95O-875zf-66!-!E1
Ajay,Sandry,ck1a0656,65 6th Hill,863-882-0259,166-yci9XX-881sh-46!-!P3
Merle,Abel,yobw2534,9068 Basil Plaza,249-797-4507,259-ca68IV-642sh-97!-!JZ
Cristal,Pechard,ct2v1969,10 Garrison Avenue,363-538-3832,204-by623S-83699-55!-!J5
William,Jendrusch,0uzw2004,2321 Alpine Pass,214-440-5307,126-md90UJ-610ad-53!-!5D
Derrik,Muscat,h8lj2916,04479 Cascade Circle,870-252-5235,949-ux36HT-826lt-36!-!WQ
Andras,Whatham,j2l22648,1702 Caliangt Parkway,692-263-0634,631-0w24JQ-572ua-64!-!K0
Antonie,Derrington,x3kn5526,9298 Sloan Court,470-572-3616,113-a8r9CC-5821i-07!-!J5
Shurlocke,Duigan,ptr04335,67 Jenna Junction,168-969-1785,286-ex89RV-6514h-48!-!HZ
Lonnie,Lowthian,1n9r3056,93138 Carpenter Drive,140-135-8721,014-1r71LF-0201i-29!-!LZ
Kati,Nunn,l2mp0311,669 Graceland Lane,336-365-1069,072-sm9UOU-389ef-71!-!E3
Hester,Sawkins,w1cg4263,09 Bashford Avenue,718-682-8730,242-am2RZB-750af-21!-!M8
Cheri,Stronach,4ovt5657,1838 Thompson Terrace,695-530-7762,932-6yqVWM-993bz-33!-!19
Tatiania,Shorie,xtae0092,02606 Mockingbird Drive,200-879-9851,725-2ctG0X-836qe-37!-!Q9
Kellsie,Skaif,ijqw8350,793 Dennis Center,508-736-3591,667-8h14BK-754yq-60!-!EK
Lara,Revitt,88d72697,8 Express Parkway,307-839-9371,728-4krIW8-958bv-81!-!9G
Clair,Humphrey,fkyz7812,12 Mesta Parkway,466-433-5134,598-d4r0NN-3886m-84!-!7T
De,Igoe,h3u65704,628 Crowley Drive,421-701-9089,271-jw332F-041bg-82!-!SO
Adler,Zambonini,e57c6865,409 Michigan Trail,414-525-8674,301-77dBIT-7653l-40!-!NY
Kerri,Duggleby,x5xq5157,344 Hauk Drive,411-842-2535,462-akcQGR-128ah-51!-!2C
Hercules,Faithorn,rggj9958,5 Lotheville Junction,863-147-1604,733-gnf11T-327pa-18!-!8U
Odele,Cribbin,196x4023,176 Lien Park,763-140-2280,783-9uwNV0-534mp-37!-!0A
Al,Reide,oykh8250,06290 Red Cloud Street,312-801-6354,640-no49KF-13500-98!-!WO
Nat,Robelet,f8jy9788,4 Carioca Place,955-830-7742,142-ep0XS2-483de-58!-!4U
Ofelia,Emmatt,7syi3779,5 Center Road,776-485-7609,377-6mj6V3-812o8-75!-!KK
Veronika,Hamshaw,y21d7046,04 Surrey Circle,392-660-5071,717-houLW4-381xv-01!-!S8
Sherlock,Weyland,e6n03085,4 Crownhardt Pass,290-791-0155,454-520UIW-997ke-59!-!0J
Ruthy,Rourke,vf464025,76803 Portage Park,606-222-7993,148-0f5YLS-9016d-40!-!42
Dawn,Byles,q3to5324,12256 Hooker Drive,809-627-2803,956-d9qDFL-7848s-71!-!8Z
Catherina,Rosenblad,rqk65376,9922 Clyde Gallagher Crossing,858-566-2261,245-7ki2O5-263e0-51!-!Y1
Cirstoforo,Lunam,xdgw7540,8199 Little Fleur Junction,613-450-9209,101-lynXCH-309vy-67!-!T3
Ursola,Neild,iy1w4808,5 Meadow Ridge Parkway,736-727-2259,042-meaZ28-669mf-60!-!V8
Jaye,Blare,odoo8022,2683 Emmet Pass,757-123-8677,359-zliJR4-757dg-44!-!HZ
Bernardine,Brunotti,sqoo4912,07191 Goodland Avenue,589-944-0786,270-nzk1J4-856ah-57!-!VY
Simmonds,Wimpeney,vapi2451,133 Corry Place,646-160-7838,498-p11FVN-834hv-05!-!SX
Shandie,Sturge,y7xm4019,3005 1st Center,559-594-9470,853-fuh27K-369q9-98!-!NF
Byran,Fenimore,7m425623,04694 Boyd Hill,838-177-8185,858-taj0H7-148ei-42!-!W2
Anderea,Presland,llec5519,29 Parkside Lane,319-239-3488,279-lslXTP-054fb-09!-!5V
Filippa,Petyanin,mwix0768,43276 Michigan Way,493-145-6828,923-j97MRI-8179a-43!-!0I
Bernadine,Freeberne,93pe6600,755 Cardinal Terrace,969-821-3872,713-vg71NK-040gc-22!-!NX
Annabela,Parratt,duor2583,6898 Waywood Junction,225-173-3948,385-d6g5LI-218vd-96!-!6K
Gaynor,McAllaster,tjao2291,0513 Holmberg Park,524-644-2759,262-i1xBP5-592pg-67!-!SZ
Morganica,MacKeogh,8klp0346,7 Dayton Junction,343-134-2135,327-sucXCO-581bi-30!-!LL
Darcey,Lamperti,pzcw5562,77860 Eggendart Circle,772-218-3861,568-ubr6CW-542ef-40!-!8W
Adoree,Betts,7a6s1031,5489 Tennyson Street,701-641-5906,274-kslO0F-088pp-85!-!EW
Tootsie,Tolmie,8a4u7218,219 Hauk Court,207-566-3113,407-tcxF61-032vq-49!-!4A
Eziechiele,Zanuciolii,relg8822,875 East Court,762-610-0522,051-j2pRNU-326u1-60!-!VG
Keriann,O'Brogan,ww2a8226,77320 Anniversary Terrace,609-152-4831,451-bm2MZE-4405d-71!-!EX
Nealson,Vaggs,zudp3335,7950 Upham Plaza,761-574-0467,401-23eHR0-070m9-43!-!3B
Damon,Ryde,hrvb5595,3 Londonderry Parkway,602-298-8152,441-s0tR2P-742bz-29!-!BH
Aubine,MacKee,odg11368,590 Rusk Center,420-825-1057,455-gdsO6P-299wd-04!-!D9
Phillipe,Stabbins,dxzv0676,62 Elgar Place,965-104-8125,341-fyvHL4-881zv-35!-!Y5
Saba,Grishinov,u5op9026,0 Clemons Hill,880-770-8804,224-60rIVF-29626-71!-!RD
Ruby,Bernaldez,cmk14199,187 Oxford Place,567-508-2427,891-b689M1-96957-87!-!YT
Natala,Butter,l9rm4197,81 East Avenue,900-118-6741,593-hjjPEM-680vi-30!-!5H
Josey,Killick,ne5c9411,88996 Dakota Court,859-466-7500,426-cf8VCY-65985-00!-!YG
Willetta,Neil,flmc0301,3 Mifflin Place,651-828-3880,867-7upV8Q-471c8-68!-!M7
Hedwiga,Mixworthy,u9nv8734,5 Manufacturers Avenue,885-910-0328,412-v67DAB-251aq-69!-!2Z
Lauri,Goolding,841i0389,22 Corscot Parkway,175-256-4569,455-ik4TLO-262n8-77!-!AW
Kain,Cyster,8y2q5548,298 Kenwood Road,591-417-5969,012-yygWNQ-341bk-42!-!7N
Genevieve,Lemoir,y0x11140,6777 Tennyson Alley,847-802-1997,169-ns8F4N-1393k-15!-!E2
Flem,Murrigan,20zh1872,036 Westridge Crossing,485-756-0052,485-2yzLRO-997p1-89!-!E8
Chrissy,Shernock,y4oz0542,845 Spenser Parkway,825-775-2140,701-bud0HX-359nr-71!-!HC
Gwenora,Balcon,71xv1841,67 Pearson Parkway,559-698-4312,473-0zxGZF-823wy-15!-!U7
Archibald,Georghiou,v9uc8401,8 Grayhawk Hill,352-375-0821,685-ob3T9R-540v2-37!-!ZS
Flem,Haddrill,0dti5678,156 South Alley,724-484-4892,047-971RXC-169ji-47!-!5I
Padriac,Stable,ekh50210,545 Stang Park,602-697-7723,736-38nBVJ-756wg-19!-!WD
Farlay,Nock,2zv25056,6 Alpine Drive,961-325-6641,992-0uuUVY-7196a-36!-!IL
Gregg,Hanstock,gsie2721,8 American Ash Terrace,580-577-3331,520-0stFCM-502gz-86!-!54
Merrielle,Easson,ap1g6701,26109 Grasskamp Circle,294-724-4216,113-sveZFY-539dl-32!-!NA
Juli,Methley,ft6o0907,4 Merrick Pass,209-234-6139,909-02bIJA-634bj-93!-!SO
Darice,Sailer,90kk1270,751 Carioca Point,704-959-8213,128-whlOH1-339i8-49!-!1H
Tye,Grafton-Herbert,59et7849,87 Graceland Road,848-355-9025,375-3xzKO8-153ku-75!-!Y8
Noelle,McQuarrie,cj8v4427,79 Stuart Hill,700-312-6740,727-bdcUEP-886ea-28!-!XC
Sherilyn,Marzelle,dfp64672,379 Derek Road,859-767-8242,483-rfyIFH-915kd-16!-!SI
Piotr,Jee,mewb4416,2 Mayer Lane,684-599-2102,753-gssFA5-693dz-09!-!8O
Quincy,McKevitt,olgb0510,61067 Dovetail Place,932-341-0335,994-rjcG59-378jh-82!-!N0
Ernestine,Dudliston,xcpn4546,81 John Wall Place,325-642-9001,811-la6DLS-082hr-60!-!QD
Bryon,McKune,eib84329,9865 Northland Court,378-307-7304,193-vr1RAU-0750v-74!-!2D
Barney,Manske,0iae6912,67 Truax Circle,419-144-1396,030-cwe0G0-677w4-62!-!KT
Eugene,Vasiltsov,ymut4676,38893 Marcy Center,628-957-4062,988-oa2ECE-639o0-32!-!WY
Coralie,Milner,uyqp6515,11294 Summer Ridge Drive,776-660-4367,269-06lVKO-8324b-91!-!55
Gwenneth,Penniell,x5h93678,715 Dapin Street,734-643-6755,298-79oSQK-194ix-59!-!MA
Tann,Dykes,wwyr3736,83905 Knutson Way,798-783-7148,236-w166PP-989vo-99!-!UQ
Emily,Goshawke,hf8j0771,46 Holy Cross Court,221-593-0472,685-zy7Q00-809x9-62!-!1G
Franz,Le Count,0w3w1955,836 Hanover Junction,428-850-6010,792-9p6XTI-7597x-98!-!KT
Leia,Sprakes,usq02583,278 Badeau Place,195-684-5027,014-9rhKDD-440ol-46!-!DY
Valma,Dunk,d2s36350,04355 Thompson Court,295-862-4940,502-a9oNAU-017eh-47!-!05
Ikey,Izacenko,att50220,566 Bayside Point,201-272-3131,864-vvnFZV-826xo-38!-!YW
Octavia,Louthe,6fwe4629,41314 Dunning Pass,598-180-1262,303-dj6MAB-849jg-71!-!KE
Dorothy,Mathevet,ar898652,681 Cambridge Terrace,922-332-8003,098-zjsGUE-195t8-70!-!Z4
Zuzana,Threader,gwvm4944,1 Cambridge Alley,512-100-0942,253-dvaOOT-741r6-56!-!WT
Ebony,Collar,35o94998,7 Orin Hill,532-484-8162,829-o2x8KP-710w4-61!-!I1
Nanon,Fishpool,sxi17384,58065 Jenifer Circle,832-922-4976,113-lj2IWU-825u0-11!-!P8
Worth,Farnell,ps8r4092,724 Debra Way,760-731-1757,414-923XDU-761tw-17!-!1G
Cacilie,Osboldstone,l7zh5658,749 5th Point,290-823-0455,056-c1cNEE-2495q-82!-!Z5
Leigha,Banker,3c671959,900 Debra Park,388-327-6762,179-fg8RM3-8338e-65!-!53
Blinnie,Vanyashin,incn5048,720 Dovetail Crossing,817-344-8193,929-u8e7AV-006ir-27!-!PJ
Ardelis,Kreutzer,4otw8221,10990 Nancy Street,541-602-4388,793-metHVL-862v4-44!-!JL
Trixie,Corkel,30hh9815,8 Erie Avenue,518-611-7179,698-tjiVVG-028wf-83!-!AF
Elisabetta,Brobak,yxnk3961,64367 Independence Court,570-781-3839,594-nlc4EX-616ew-35!-!RK
Alli,Anderton,tndl2808,018 Farmco Trail,891-211-8462,553-3jbV4Z-53099-99!-!1Z
Jarid,Cotton,6hht3634,2 Shelley Parkway,598-776-8448,731-nmm0HG-399dv-27!-!01
Kiley,Glencros,lxex7881,5360 Bluejay Place,413-997-1886,809-ohpMOL-5824h-80!-!7O
Harris,Vereker,934r3291,87 Kedzie Lane,630-618-8977,472-v2rDHJ-657fv-89!-!2H
Cam,Garvan,1lmk8088,21918 Nova Lane,964-526-3962,171-5z8W0M-1340l-15!-!NK
Winny,Fendlen,p4k53450,5 Stone Corner Plaza,180-191-8258,204-pboJGC-565pj-32!-!0C
Trista,Buzine,rlpw3756,79383 Loftsgordon Hill,974-612-8391,588-nydDJV-552qs-37!-!HB
Barrie,Crawford,30y53956,4 Oriole Parkway,205-988-8284,094-3uuR36-359fm-50!-!PH
Carole,Blizard,isns8468,64820 Spaight Terrace,640-104-1949,234-kvsVJN-345gj-54!-!5N
Booth,Faudrie,k5du7986,4 Florence Point,201-210-6941,023-p9u1ZH-604vo-45!-!O1
Jesselyn,O' Mullan,tsvs9439,73 Lakewood Gardens Plaza,823-374-0483,759-uhk1MX-839mu-36!-!IO
Julie,Petrelli,d56m2476,31621 Red Cloud Avenue,567-526-0132,447-adg0BF-5611f-25!-!ZT
Shelley,Lestor,boos4027,0070 Monica Trail,648-492-8087,756-ki75OQ-254nu-79!-!PG
Free,Nunns,o75k5314,5 Dunning Drive,332-825-0683,036-bssN9T-131bl-79!-!EX
Merry,Burlingham,v2gq7374,50 Cascade Circle,418-304-2488,874-2toYVW-339hv-49!-!MV
Rees,Bertlin,6zy88568,84538 Acker Lane,873-516-5091,958-jh4RRJ-403cf-87!-!0I
Kirbee,Luppitt,sneg6689,08 Doe Crossing Lane,397-463-9894,784-wzo8IO-391h4-23!-!DV
Dierdre,Zanolli,zaw70640,859 Loftsgordon Road,925-587-8145,412-46n1IQ-5638i-82!-!CG
Valerye,Coper,z35m7771,4676 Elgar Avenue,582-455-7386,330-tp2WLG-556tu-33!-!SS
Logan,Abrey,an772960,9 Division Drive,570-868-1581,855-4le3HE-992u6-51!-!Z0
Sella,Kundt,sz5t2340,2744 Drewry Junction,159-370-7835,572-nnsX1H-586j9-88!-!8P
Garvy,Sturges,negp1223,3 High Crossing Parkway,750-345-8637,102-03pJDK-668ot-86!-!LT
Ebba,Perigeaux,1vla8583,771 Commercial Court,639-140-3085,208-9om3MC-7056z-69!-!WV
Sibyl,Wasielewicz,bw7n9021,227 Pennsylvania Plaza,352-149-3859,342-ygdRN7-9310a-67!-!25
Jeanna,Matz,kg885915,363 Continental Point,824-458-4911,757-c3nGY0-613d1-53!-!MC
Sibley,Mouland,cu415777,64 Eastwood Street,680-343-0985,876-9t4XO9-836xd-77!-!G8
Dorey,Fausch,nliu0789,25283 Del Sol Street,235-662-2016,902-0tgA2R-1399i-25!-!EE
Dominique,Proudman,pzng2249,16 Judy Junction,638-441-2816,276-1165HX-93218-73!-!8O
Cherianne,Randals,qkgv3152,86756 Melody Court,634-511-5243,323-udbC1Z-010du-01!-!N1
Elmer,Duetschens,i3f07980,98501 Dayton Parkway,481-542-1677,175-xxkKJ5-638c9-52!-!R8
Dee dee,Maplethorpe,wn8m9808,3074 Aberg Way,136-691-1308,061-4cmKTL-491mt-17!-!71
Ginger,Spurden,29pp5898,14 Spaight Trail,251-109-9117,417-04rF6B-0187x-12!-!67
Ulrike,Cescotti,hqpw6383,71 Thompson Hill,441-998-3775,239-oh1TJM-565rc-33!-!15
Greta,Bartolomieu,i9hg7912,058 Ohio Place,712-432-2237,049-ngg18W-814g2-67!-!ZG
Brianna,Colbran,30mh5255,9 Pepper Wood Parkway,282-441-3240,407-r6iVRH-241bj-53!-!CD
Byram,Reddin,yt0s1389,9350 Becker Parkway,225-174-4345,071-01kMZH-788ys-50!-!2M
Penelopa,Stuke,0u611750,238 Bayside Street,522-150-0015,171-bx8XU7-282k4-59!-!CC
Suzette,Tabram,mcxx4416,2742 Fair Oaks Hill,817-500-5072,101-ncxV5Q-052ef-85!-!OK
Brion,Acory,fi4h5829,177 Warbler Street,585-138-0285,099-srk1GA-0331u-52!-!SZ
Jervis,Meco,i6fn5757,46002 Mayfield Center,188-815-6004,542-8su1HQ-624bv-63!-!CM
Guillermo,Cornborough,ihz04819,51 Canary Center,988-972-1323,530-budLZS-501kq-27!-!ZT
Seumas,Woodwing,ebn68396,5414 Pond Circle,281-396-4450,882-yhzZCJ-964ry-07!-!7J
Joanie,Eger,7uqf0922,749 Lindbergh Place,679-269-4396,028-fmzYZ3-7965y-76!-!P1
Corbett,Fieldsend,rw5o9482,85 3rd Pass,481-652-0597,139-umjNC0-184z8-86!-!DX
Had,Leipnik,qkpi1608,703 Coolidge Street,895-528-1985,948-p918Z1-943um-06!-!BF
Biddy,Fosdick,d0ne5586,6916 Clemons Way,198-679-1958,419-3j8ZE4-0259y-82!-!AM
Maurits,Moore,xeog9624,91692 Waxwing Place,437-778-0260,949-i6vMQR-304zy-20!-!0J
Camey,Chadderton,z1tc9718,3330 Sunbrook Crossing,598-242-6714,018-v6z53M-362mi-46!-!P2
Coop,Antonovic,5bpl3923,6 Karstens Road,531-863-5429,865-15s6MF-949el-68!-!NH
Elsworth,Ciobutaro,9go50041,10 Cottonwood Hill,839-429-0764,391-p0kS77-133ll-00!-!IB
Fabiano,Bucham,ett51822,1065 Brickson Park Street,361-164-9483,657-l5343T-348pe-79!-!JR
Maegan,Cahill,4kvp9716,0242 Pine View Road,282-555-9592,257-lw6SH1-614gy-47!-!G7
Devland,MacDuffie,jy065543,8913 Merry Place,795-269-1178,547-pg4G26-684r7-87!-!7A
Lea,Penwell,z8s88315,03057 Ryan Road,270-183-9861,013-grk1OK-474gp-39!-!Y9
Kasey,Milson,bd2v8819,36 Straubel Park,699-123-6693,724-l7aSFZ-6741h-82!-!WM
Stuart,Faragher,6x488067,109 Fieldstone Street,356-501-3711,603-ubs57K-418ll-54!-!UP
Regen,Porker,4s0q4875,4185 Glendale Alley,106-744-8607,193-jebKIA-1610o-51!-!C4
Frederique,Borman,cuvt6033,3972 Eliot Point,959-364-4179,935-bgnMU5-774sf-42!-!22
Rhody,Shelsher,iwat5839,206 Prairie Rose Junction,985-421-4386,191-aarXJF-742ch-18!-!LM
Nerty,Gadney,en235080,53362 Tennyson Pass,679-907-3191,474-ra20QV-170hb-02!-!QP
Lenci,Jeanequin,pf9y6296,3 Utah Alley,296-508-8204,174-d5g99N-15594-88!-!NF
Jade,Varey,5jqr9470,96 Loeprich Park,209-794-0623,362-2mjBZW-659tc-30!-!LK
Lona,Tankard,ickp0272,4 Service Junction,531-349-8458,712-ras6OK-9937z-34!-!L1
Domeniga,McNirlan,n6p22087,8 Hallows Center,817-624-9073,629-oq55R3-938lz-54!-!IB
Adolph,Bruineman,0hj31628,192 Carioca Terrace,932-884-5645,705-06d40M-371u9-24!-!6W
Gus,Fernyhough,4yhs0855,892 Manufacturers Drive,578-151-0524,969-wu3AS1-256uk-53!-!MS
Beryle,Shillitoe,cut47011,1 Veith Terrace,305-840-1681,244-oz1ES9-383gm-06!-!E3
Greta,Saunper,8yhm8325,63575 Raven Drive,139-752-5689,541-qkxHTV-249ye-10!-!8W
Emlynne,Marquiss,viyz0317,1 Jay Trail,960-131-3728,686-hs7MJR-4388w-61!-!1J
Korie,Schruur,6az76572,88 Kennedy Place,779-558-7352,358-wdiYO9-436mz-12!-!31
Dede,Wackly,xoap0307,820 Namekagon Point,384-965-1814,150-g566I2-616zm-31!-!MW
Janelle,Peggram,0zj19682,0321 Novick Lane,959-138-8168,071-b5lZM2-883ab-78!-!JX
Jacquette,Tardiff,mh8e6352,988 Maple Wood Court,942-516-1099,947-misATJ-361w3-16!-!XU
Rolando,Vurley,6zhm5846,0 Dakota Plaza,599-454-4578,564-swvLP3-717kd-13!-!8F
Mervin,Galego,mu8h9669,61300 Bultman Court,617-701-5766,651-i0wYIJ-852wr-90!-!9I
Nathanael,Wightman,eweu1840,7698 Summit Trail,569-547-5604,066-kde7UW-040n3-17!-!0Z
Inglebert,Saunper,6c4n8122,4491 Eliot Junction,332-130-8673,384-hxlXC9-479ch-65!-!P2
Kelley,Dugue,l83w3469,676 Nevada Park,919-316-3603,789-asv9PI-346vd-49!-!PC
Cull,Hawtrey,cxvj5825,954 Bultman Trail,914-775-7324,116-g7qSGV-089bv-95!-!GC
Hunter,Smallcomb,r2av8381,4889 Mariners Cove Pass,134-765-8170,025-gfs54H-1038z-13!-!RX
Chadwick,Michel,9pd27199,0 Texas Place,675-535-8240,746-ii1JMQ-922uo-99!-!PZ
Wyatan,Benian,xwgc3569,995 Barby Terrace,112-894-4006,880-tkk7LP-60197-10!-!MN
Tori,Caddies,va9o1120,022 Carey Avenue,248-453-1637,549-oghRBL-54427-99!-!63
Fidelity,Trowel,42189729,717 Oak Valley Way,608-170-9498,446-9g0LAS-057zt-26!-!8L
Waylan,Loughnan,8qph0483,7 Boyd Drive,130-497-1409,967-1qxO5B-311wi-03!-!ZS
Meris,Dingle,h3sc1977,43279 Rusk Pass,693-988-0095,374-5xeGAB-1946a-46!-!OG
Stacie,Sein,abdy3577,36 Hoepker Junction,620-327-7886,016-ejzW2H-744mj-25!-!7S
Winny,Ghelardoni,66hi8922,061 Pond Crossing,336-972-2845,893-u3zVS5-9762a-72!-!VX
Claudia,Natt,jkta1999,85259 Blaine Terrace,589-945-8612,956-5pj946-2700m-37!-!PU
Beret,Hars,m8i10592,7 Oakridge Circle,532-215-5446,666-n49V72-611wz-27!-!4G
Pier,Santo,1ock9933,9 Morrow Trail,896-684-4180,604-mruAUO-456xp-22!-!KC
Adore,Whillock,rzr08012,8 Novick Place,277-978-0261,696-4wxBWQ-10285-75!-!GH
Jarid,Stucke,581a8583,300 Kinsman Plaza,408-276-6603,021-7lpJOS-676n2-31!-!ZP
Aretha,Ozanne,15az1367,6 Manley Drive,281-532-5073,894-7mtNG6-923hf-25!-!P3
Colver,Hevey,6lbj0032,26 Summerview Trail,558-728-1700,356-7zqSG7-727dz-34!-!QP
Demetris,Mellish,7m8b6561,914 Bluejay Junction,909-716-5723,878-dh7Z89-432w8-15!-!T7
Heloise,Tomich,v3j14643,84824 Gulseth Circle,832-210-8866,785-2muWKV-924zf-08!-!FP
Welch,Tratton,zm085214,83770 Welch Circle,723-387-8083,756-b5gH96-962i3-42!-!3N
Willy,Isselee,83fe2802,2 Chinook Place,679-729-1166,924-pzdL6E-041cl-78!-!OD
Haskell,Baird,be1z6345,68 Portage Circle,568-190-0751,470-kliGOY-05209-29!-!RQ
Gaylene,Cocci,ft6f1443,64727 Claremont Drive,584-270-5631,591-f9zQ2R-243o9-80!-!LO
Mariellen,Nancekivell,86bg0436,92633 Autumn Leaf Terrace,276-715-6759,379-g50L1A-730ix-39!-!N2
Anette,Loosemore,232a6937,83 Thompson Lane,301-660-9436,788-jg6NGP-449w9-99!-!SR
Baxy,McLugish,zcfj2566,4 Becker Point,156-917-4750,531-ih3N20-546yd-76!-!QH
Jolynn,Maier,k3qq5275,8819 Orin Place,382-964-0687,538-s2bS1Q-691h8-17!-!O9
Lucretia,Ingrey,xvwu2251,30 Ridgeview Alley,454-211-2614,811-9vhYEG-07449-87!-!1P
Mervin,Halcro,98la0207,855 Hoepker Pass,616-856-4619,805-ki6TDK-893vw-72!-!81
Jean,Gaspard,mpwc4220,7212 Lerdahl Terrace,473-190-6172,656-mbuNMO-728e2-66!-!IV
Randell,Poppy,nipw8127,8554 Susan Court,774-415-6482,474-9jbI69-958m6-15!-!4T
Igor,Fernihough,qm8t7141,7 Debra Pass,345-280-4130,793-81nBFR-850cr-42!-!DU
Chandal,Bauman,ro770717,6 Cherokee Junction,138-666-2046,863-89d3QO-867zp-07!-!O5
Bobbie,Errichelli,w8k92523,923 Barby Plaza,608-254-6862,218-yuo20M-89654-13!-!RW
Grove,Reisk,j0zz3184,54 Evergreen Park,996-519-9389,706-n0pLT6-361f6-91!-!PU
Cyrillus,Siemandl,hu9i9064,86662 Columbus Parkway,377-579-9027,180-qrxYOY-515ee-74!-!KM
Melantha,Janz,bipa6584,6020 Grover Center,992-748-0524,146-7133OQ-527x7-66!-!60
Cathy,Spry,7p6p2458,204 Anthes Court,959-561-5654,574-qbfPZO-995zl-62!-!MS
Sherilyn,Fundell,70nw6483,52 Duke Lane,411-261-9065,563-il4HZ5-6020r-93!-!99
Timi,Ebbage,vdoi2702,72 Garrison Parkway,205-855-3619,096-n0tM6X-452xi-62!-!4V
Jillene,Parratt,mnfk6215,30364 Paget Point,722-712-0922,124-ezxJES-980np-75!-!NN
Leila,Scrafton,m2cu5629,6 Warrior Point,771-986-5590,804-wiwM71-121br-56!-!1Y
Bettina,Probey,ufok1305,44 Kinsman Point,544-663-6906,449-k4r8SD-259wf-07!-!VD
Pat,Caswill,0unx7653,62854 Division Center,551-936-9297,170-9gu1AG-1302i-39!-!5K
Mata,Manson,tr329565,678 Monument Street,560-553-8420,756-4ssQY5-973rr-36!-!C3
Augustina,Cholerton,usfo1290,1069 Bultman Trail,510-933-5800,318-4waKY6-051y5-37!-!Z1
Demetris,Grisenthwaite,zbsv1888,755 Prairieview Trail,935-480-1394,882-3ae3ND-826fl-47!-!F2
Emanuele,Bunstone,r1fx2234,93786 Meadow Valley Alley,473-214-0790,286-7zmOX1-881qn-84!-!H9
Xenos,Aguirre,n72x9557,095 Saint Paul Plaza,195-209-0634,277-qhnA9F-336cq-81!-!HI
Tonie,Frid,s9f45267,9272 Erie Plaza,656-379-9015,276-i6mXP9-518vg-06!-!1M
Lisa,Itzcovichch,tndh9122,89 Nelson Alley,230-934-1927,821-2sq7LD-310k2-19!-!EN
Angie,Gilbart,kkmb6640,31 Independence Parkway,576-405-0052,169-9gk1B1-9366q-59!-!LO
Geri,Kleinerman,ckdu4931,4325 High Crossing Hill,961-464-3768,047-h913ZD-9050r-94!-!CY
Olivie,Souttar,qnkf5565,2 4th Circle,146-497-3518,422-9i1CSS-3382n-04!-!7M
Donal,Gilffillan,f05w4799,732 Springs Circle,212-229-9346,434-iob8K7-029gv-35!-!H1
Catarina,Hanrahan,sgw68565,89 Golf Point,159-906-2594,228-x1lX4H-367co-65!-!Q3
Nels,Roderighi,ve184948,6431 Chive Trail,923-962-3576,948-utfT7N-3621t-44!-!WI
Vassili,Vasyutichev,qjdz2672,23192 Melvin Point,273-699-3428,748-p5qJ3O-783lj-69!-!49
Ruthe,Goom,7fro1283,0 Carberry Alley,504-375-4138,101-3z5BND-1435g-78!-!WI
Dwayne,Wych,l4m92585,95366 Esker Avenue,506-630-1403,421-wl758W-385wd-88!-!C4
Pascale,Gollop,dn2j4683,14301 American Pass,282-651-2236,403-mxm8DZ-513ih-58!-!25
Nickolaus,Neligan,oj945251,40 Kings Lane,117-376-8732,268-vy8DNF-564le-95!-!N6
Winna,Wilcot,7vg52652,40 Forest Dale Drive,584-629-2931,768-37eBE9-393av-97!-!6U
Adair,Fittis,gjlf6712,2 Evergreen Way,499-584-0275,318-83f24F-484m5-38!-!83
Cart,Gumme,cvab9527,8 Crowley Road,962-725-2653,658-vfy6MZ-413jr-63!-!B8
Rhianon,Billingsley,1zya6869,75160 Talisman Circle,320-278-8785,873-eubPS9-833ti-64!-!4T
Conny,Grabiec,fjr88337,6403 Golden Leaf Street,357-284-1117,092-mj9Q21-361x0-67!-!I3
Neille,Fermoy,nglv1990,7 Derek Court,164-868-7333,651-6pyR7A-178n9-53!-!2K
Vivi,Matkovic,z0a94871,6 Bowman Court,763-771-7115,182-panRPT-077mc-14!-!G9
Rudd,Bonett,5e5v4697,872 Rowland Crossing,358-808-8064,912-963M1W-288c5-11!-!TQ
Alexi,Allflatt,jtgr6417,888 Sugar Point,806-968-6477,540-g7k27X-878ik-14!-!2L
Stacee,Cricket,kfr00532,8 Vernon Point,559-693-2412,269-erfG87-4219p-83!-!JA
Benji,Bradane,nquu5028,875 Memorial Trail,598-877-1480,805-3hlBJ6-619u8-38!-!48
Zak,Winnett,txmu2526,57 Spenser Road,971-971-1045,313-k3o1HH-493c3-37!-!NT
Timi,Hawkswell,snae9158,2 Barby Avenue,393-543-7765,844-zheGLB-295ge-92!-!98
Lethia,Belloch,8wcb8676,81687 Luster Crossing,583-859-9448,717-k6eMJ2-758i0-21!-!VO
Seward,Raiment,140i7260,7477 American Ash Avenue,562-547-5119,729-sdrXCD-7445o-72!-!C5
Carey,Pauly,mqrk3883,14209 Beilfuss Place,354-547-0486,928-yogUXS-665cw-05!-!ON
Ursa,Allwright,g09x6488,29208 Lakewood Junction,813-208-1571,569-2oiZTK-855wt-32!-!B7
Lorant,Hallawell,h7z22409,79 Pond Drive,222-729-3457,511-kj4OR0-20408-95!-!1G
Anny,Treslove,ugcd0364,0954 Grayhawk Circle,235-709-1418,487-btxZ7U-022m2-52!-!RK
Luce,Jayume,c2uh8590,761 Waubesa Alley,331-849-7777,723-rzrIWV-879qd-21!-!7I
Diego,Hugill,fkh58412,85 Monica Pass,439-409-4302,654-9410DR-715bd-12!-!Z4
Dita,Darbishire,l6te1793,97701 Sachtjen Lane,442-456-6124,669-6amRZ0-158sn-51!-!E3
Vaughan,La Padula,s9wl0371,14120 Eastwood Circle,436-485-2298,379-3j8YPX-9399t-33!-!K5
Brenn,De la Feld,z7a21477,57 Lien Plaza,775-343-4432,662-tge72H-683cr-19!-!V4
Hestia,McCaghan,xef57114,282 Pennsylvania Junction,318-548-6782,298-iw0SL2-25141-17!-!F2
Orbadiah,Brevetor,se094624,121 Esch Park,555-863-3114,702-ifkY19-608on-67!-!PP
Bartel,McCafferky,5was3534,9 Stone Corner Crossing,406-799-4485,271-q4oXL6-613rf-50!-!PQ
Simeon,Otson,zchn1993,07 Clarendon Pass,588-821-0971,203-r5bPQF-671ox-61!-!MZ
Kay,Paydon,wqlj2168,893 Crescent Oaks Avenue,318-752-8344,778-i159Z5-755hz-32!-!RV
Lynn,McGreay,1b480291,98 Towne Court,428-308-1081,693-9bgT5M-287zx-14!-!Z6
Barbi,Culwen,svi51193,48 Fisk Trail,879-231-0535,451-j2m3LE-303vk-38!-!GG
Gerry,Leyzell,xrys4334,8716 Vahlen Lane,177-103-8163,997-2180YF-945re-70!-!QY
Kristian,Slimings,29a07711,233 Armistice Trail,846-780-5678,309-impDGJ-3605x-90!-!0J
Bernarr,Thirlaway,qoal3490,5184 Lillian Hill,452-525-1711,609-8atAZJ-454ho-81!-!9H
Dacia,Tomas,77e64380,902 8th Place,837-748-6154,759-qq0CDJ-8677h-48!-!4C
Tamma,Petcher,j1kk6288,602 Heath Street,743-806-2521,995-6pa3D3-077ew-37!-!D8
Sandie,Maccrae,u4k55703,445 Butterfield Trail,661-522-9628,107-0sxEI3-574z9-81!-!95
Ulises,Soares,nozc8024,81587 Randy Center,300-117-9801,586-kwq2A8-7978g-67!-!IZ
Brandy,Gotthard.sf,g06t5261,39923 Oakridge Alley,382-680-9787,906-ft3MFN-566o9-60!-!WE
Euell,Ismay,3hda2178,7999 Bartillon Drive,770-777-9886,832-e9fLU5-743gr-01!-!FZ
Isaak,Ousley,cgzg8965,11537 Moose Terrace,552-331-4821,967-obz736-6109f-12!-!W2
Genia,Youthed,lmf05886,01659 Springs Court,997-574-0000,870-xejG6A-1205m-73!-!ZR
Taryn,Dukesbury,1jqd8242,88830 Goodland Drive,432-884-7269,532-2tv0N1-0452x-50!-!6I
Vilhelmina,Gascoyen,k5mc2263,7425 Northport Crossing,880-277-5346,259-gc1D94-461v4-50!-!BC
Rhiamon,Teesdale,ba4h9814,538 Badeau Way,303-715-9453,364-h13U61-937lg-09!-!XX
Kiley,Jeannard,x35e8909,85459 Heath Hill,336-979-1616,266-es9WNF-6061c-42!-!TP
Daphne,Tomkies,v3qz6533,706 Bellgrove Street,392-940-8239,772-87mR0E-77705-56!-!YD
Donovan,Sleep,i85q6208,113 Southridge Way,191-971-5698,620-ytfGLI-912qo-18!-!Z3
Alberto,Dowers,o7ll8874,083 Westend Park,131-491-4966,274-qibYRB-3554h-04!-!CB
Alonzo,Harridge,l9xa2216,8 Banding Circle,123-701-0147,636-dwgK2P-7308q-54!-!9D
Arlyne,Meechan,2zzz1475,202 Fisk Place,705-631-7208,276-3o5BIS-440v2-08!-!9W
Tamra,Thurlbeck,dwsn0436,95626 Vermont Road,172-315-8750,419-gmaOKT-259bc-53!-!PG
Alfie,Shatford,5pii0325,8974 Harper Alley,364-927-1487,529-dhr9DC-567yb-58!-!DV
Angelina,Priddey,no8c3119,53303 Susan Trail,981-401-7805,231-ev2Y07-4047i-28!-!V5
Stephine,Blakeman,l4989052,2940 Bashford Pass,404-691-9988,514-wwmEFR-8650d-82!-!1M
Kathie,Wadeson,qrmm6895,647 Fulton Place,169-133-1215,495-2ozR43-6480i-67!-!5E
Raphaela,McTiernan,qd8x2635,6682 School Trail,260-205-6045,407-fbxW17-036hz-36!-!4X
Consalve,Goldes,r4pb0525,6 Lakewood Junction,667-460-4442,683-idaSGN-030r5-73!-!2Z
Winfield,Fragino,rbof6155,0915 Nevada Park,713-719-2127,727-ldbRHS-207dc-97!-!FP
Corabel,Collingdon,ypq62403,0 Paget Place,706-120-5363,252-jpmL65-269vv-45!-!WJ
Karita,Lukasen,vbu58426,44218 Butternut Trail,909-939-0963,745-lg9QFN-089yn-74!-!2T
Glenn,Brazier,m4xu9877,9746 Linden Point,821-115-0334,034-bqaSO2-549wu-13!-!3N
Raimundo,Tearle,3kvc7773,8796 Warrior Lane,109-376-2067,141-hooWUF-456d9-54!-!WR
Wendeline,Henningham,blux5730,84 Oak Valley Alley,112-957-7416,399-xon3U5-154fw-88!-!07
Jaime,O'Dyvoy,2d5m9173,8291 Golf View Junction,740-636-1659,694-sczM77-110x6-18!-!R8
Desmund,Goshawke,95qz7517,865 Anzinger Road,930-350-1205,933-v987TQ-6398k-95!-!QL
Kerk,Woolward,ug9g9629,13 Anhalt Avenue,489-646-6974,755-bbjD9B-846nx-12!-!QI
Millisent,Guiducci,8ngw1759,56573 Algoma Avenue,575-569-5556,154-y1cPLQ-8004s-74!-!IV
Kaye,Shulver,mf913412,972 Bluestem Street,202-753-8303,603-7biHKN-473gs-32!-!EM
Paton,Joinson,n2dr5155,567 Hooker Trail,462-350-2517,300-ug9FXG-336vr-71!-!XV
Georgianna,Fursey,ejry3983,76105 Sloan Center,498-316-2403,484-p8gN4Z-82510-62!-!NK
Bonny,Cussen,tq7f3826,2112 Gina Park,730-869-8731,495-vcp0FO-000ir-76!-!YU
Gayle,Olyunin,cqod6873,1052 Larry Junction,941-872-7159,858-dlmMPW-847tl-05!-!5G
Elwood,Eisak,lcm63765,1 Hintze Lane,864-232-5033,341-e26OS1-501zd-45!-!2S
Brooke,Hovy,85wp9651,9150 Lerdahl Trail,778-768-0311,251-mnwF8D-1144y-08!-!H1
Reiko,Novotna,aqc97061,1 Oxford Park,694-498-4941,517-8f2IQZ-707bt-33!-!6D
Fionna,Heigold,y7yw7778,2778 Bluejay Road,864-943-5487,215-sj2Y2U-901mi-42!-!1E
Calypso,Lacroutz,2xq40023,44372 Old Shore Lane,956-727-9759,183-guyGW8-900mj-45!-!YF
Deny,Daouse,nyiy7862,18390 Valley Edge Junction,791-731-8139,951-t89OBM-5859a-56!-!GK
Mata,Reape,1vjq2023,82890 Buena Vista Place,594-879-9547,985-oeyS84-587uj-59!-!CC
Gregor,Ruffy,awah5110,9100 Boyd Junction,821-527-6433,829-wv3YIX-399jf-62!-!AN
Peyter,Gready,ae140367,186 Lawn Park,743-332-2600,827-84s9EH-071hx-92!-!RL
Doris,Ende,9vlx9037,25691 Laurel Trail,331-317-8539,400-ydmC43-715l0-74!-!W4
Sascha,Flood,3yq13174,49517 Jenna Junction,351-138-4288,807-wvgFUP-309bp-81!-!B5
Cristie,Attree,mmwk3862,437 Ruskin Court,517-978-2780,558-p6zE27-000ts-78!-!EA
Ramona,Clericoates,r3ym2797,1 Wayridge Lane,397-116-1727,774-nh11IJ-8200o-99!-!WS
Danica,Calbrathe,f5w09917,045 Kim Parkway,146-910-8570,282-j6gVTW-439eh-52!-!28
Vinni,Shea,5zl12002,3 Vernon Park,109-389-2287,116-01i707-113dv-32!-!ZV
Kelsey,Chestle,yq473690,6 Messerschmidt Plaza,353-426-1606,223-z5h9CK-109zy-05!-!HW
Padraic,Gaenor,s8ms2460,5410 Trailsway Avenue,460-650-5293,159-4bpTWC-086z6-37!-!K4
Abey,Davidovicz,tqn36281,55 Union Court,746-622-6032,185-j1lB2M-562y2-15!-!EH
Massimo,Egginson,u9fp1507,94080 School Way,304-153-2441,717-yrdFTK-383cw-55!-!OP
Dallas,Cardenoza,lyxq9585,2 Muir Drive,844-321-8540,889-dpz0V0-5659o-91!-!4X
Joleen,Fernyhough,zakp8838,338 La Follette Point,149-742-3365,298-cnh0JS-5571u-40!-!4N
Beverley,Alexsandrov,v2is5878,10566 Hauk Plaza,629-425-0530,917-u2qI61-1066g-06!-!S9
Noell,Philps,944h1877,3 Service Plaza,781-380-9739,116-rfi841-005c0-71!-!WW
Allene,Bentje,kuyg8503,35270 Northridge Avenue,759-937-0923,008-s5f82Z-533eb-26!-!5K
Wendy,Armistead,99gc9347,035 Ronald Regan Junction,675-221-0168,686-n3v6JL-208y2-76!-!UD
Edwin,Mansfield,25lz7133,129 Stone Corner Court,420-326-3248,285-fto5KN-608se-10!-!OB
Randee,Aldine,1sfy0707,810 Cascade Hill,697-884-8803,940-kvhE0V-652tw-15!-!1E
Findlay,Casale,4cyu1577,681 Elka Pass,626-778-4491,315-ta0ZK8-9135d-60!-!SK
Vivienne,Caruth,14h20563,4664 Longview Road,907-483-5658,216-b0rS2T-440fo-83!-!VQ
Eleni,Comellini,9t867343,65 Ruskin Place,881-824-7706,565-zdqJQ5-8377s-24!-!W4
Milzie,Edington,llg52999,67 Sutherland Point,341-174-4548,321-xx0JN3-116x9-54!-!3L
Misti,Beaufoy,yfzu9881,4 Emmet Place,875-399-4593,483-bj3HD6-140d6-39!-!QO
Sinclare,Cartmer,gwe55696,223 Buell Point,443-835-9959,709-hf8BOP-366au-70!-!VA
Antoinette,Timbridge,5acp8163,915 Twin Pines Center,991-341-1696,703-mt3DOJ-275su-83!-!PI
Haley,Tambling,komw2443,42877 Sommers Junction,702-729-2143,371-lcaP07-856b6-94!-!N8
Melony,Tisun,j9ha7065,85915 Vahlen Road,446-178-1239,897-3bmVSG-216wl-66!-!BF
Gardner,Croft,rbl35646,1839 Dunning Circle,372-153-4818,975-6w3ID0-401fe-43!-!ZA
Storm,Scawton,m5j58761,05 Hermina Hill,817-223-6978,866-d93XXW-268vc-56!-!QI
Antoinette,De Carteret,wm827474,74255 Bayside Way,103-768-9281,366-l7lLG7-336w7-83!-!LI
Ofilia,Riccardini,5e650861,1179 Donald Road,567-477-1243,704-0tm220-128od-40!-!5L
Rosalia,Di Meo,52sb5528,3 Mockingbird Parkway,677-748-2120,253-f43X45-165j1-38!-!W5
Edmon,Dennick,mozr3707,06985 Autumn Leaf Parkway,636-341-2805,847-amqE85-756k2-81!-!NY
Maribel,Masey,kurz7442,71006 Manley Hill,825-460-9709,041-ada2G1-823dv-95!-!00
Dennie,Gossage,koux8022,38 Express Street,337-838-3458,993-vqrVR8-994u3-65!-!KQ
Cornie,Morforth,cces2953,8164 Elmside Crossing,338-177-7677,147-jukRBH-904i1-52!-!OO
Gayelord,Santacrole,0hf09367,8 Cottonwood Point,835-878-7595,799-2iiPIY-9388x-81!-!NT
Conan,Skittrell,vxly8280,9 Duke Pass,870-903-5893,460-3v687I-1557c-10!-!JY
Abran,Fero,2k7y9781,5 Shoshone Junction,688-914-6441,263-s8jFBS-998i0-05!-!1T
Elwira,Stivani,8srm1966,2 Petterle Way,627-510-5345,237-50j9K0-012pk-30!-!9F
Chad,Hinsche,vouk2162,41 Mockingbird Park,883-660-8246,422-m6zZOW-3311t-07!-!UT
Juli,Logsdale,u9zb7942,81 Hovde Plaza,655-656-6816,501-pmpD54-623uy-36!-!IH
Melva,Simonutti,rrl55490,3207 Crownhardt Trail,221-942-4282,471-xm8X54-979lj-24!-!8I
Terra,Grubbe,gze80517,469 Badeau Plaza,991-306-5931,613-fum23C-3243n-71!-!XA
Cordell,Spondley,zyfa9365,8 Maple Avenue,806-828-1958,950-ktiV5W-4587w-44!-!8Q
Budd,Armell,838i4872,0545 Bashford Avenue,565-698-0385,891-iwm4CU-35658-60!-!ER
Kane,Monard,1pit3908,98 Fair Oaks Parkway,565-829-0069,365-usn922-499ju-28!-!W7
Douglas,Durrant,shxh2909,31 Maywood Junction,821-219-4789,652-az9LD2-052ys-11!-!0A
Gwendolin,Larwell,lunz9729,88 Russell Trail,953-388-5303,736-3lvJHF-388s8-28!-!P5
Sybila,Ravenscroftt,qwgu8020,17 Burrows Park,344-621-9448,278-7wz70N-019ac-98!-!OC
Danice,Ikin,zpgi1326,6241 Eliot Avenue,554-289-4168,777-csuMOC-384tb-54!-!JZ
Adi,Jackett,qa2y2364,6 Johnson Way,276-189-7476,129-3b4ZIB-57326-76!-!RJ
Pavla,Limpkin,e5m51404,54 Memorial Park,846-595-6248,373-f1gVK8-157rc-72!-!HS
Rosalinda,Mitchelson,apsw5796,85372 Clemons Lane,734-542-9608,934-143E2P-822yu-92!-!LA
Roscoe,Watt,pl9p6596,6593 Steensland Terrace,365-788-1947,095-zpaBZ1-966yl-94!-!BF
Milissent,Waszczyk,soht6049,52046 Aberg Court,411-245-9397,874-1qw39C-37328-86!-!3P
